Crop,Year,Yield,levels
Flaxseed,2013,57.093849834164864,Property
Flaxseed,2014,57.182492665476616,Property
Flaxseed,2015,59.709728691856675,Property
Flaxseed,2016,62.60013960824319,Property
Flaxseed,2017,63.09968695800823,Property
Flaxseed,2018,65.64489323666655,Property
Flaxseed,2019,67.17309583366445,Property
Flaxseed,2020,71.52510637139258,Property
Flaxseed,2021,73.16400969286308,Property
Flaxseed,2022,72.81567207411553,Property
Flaxseed,2023,74.99013265195006,Property
Flaxseed,2024,76.56277842441384,Property
Flaxseed,2025,76.96071842636326,Property
Flaxseed,2026,78.3349145396147,Property
Flaxseed,2027,81.35496619232362,Property
Flaxseed,2028,82.39484016652838,Property
Flaxseed,2029,82.77210311867194,Property
Flaxseed,2030,84.97952664471593,Property
Flaxseed,2031,85.95118843395399,Property
Flaxseed,2032,86.88624791548773,Property
Flaxseed,2033,88.3772376820904,Property
Flaxseed,2034,89.73077791678779,Property
Flaxseed,2035,92.21913605067039,Property
Flaxseed,2036,92.16807426427042,Property
Flaxseed,2037,93.40952588531286,Property
Flaxseed,2038,92.48367698182642,Property
Flaxseed,2039,95.70631650801403,Property
Flaxseed,2040,94.62387013767633,Property
Flaxseed,2041,94.73403875858261,Property
Flaxseed,2042,96.570558759106,Property
Flaxseed,2043,99.5201298218652,Property
Flaxseed,2044,100.595098639714,Property
Flaxseed,2045,101.86868954589639,Property
Flaxseed,2046,102.05436229593869,Property
Flaxseed,2047,104.20594555610077,Property
Flaxseed,2048,104.70295858123025,Property
Flaxseed,2049,107.74987399856792,Property
Flaxseed,2050,109.57144467345887,Property
Flaxseed,2051,110.89985159619295,Property
Flaxseed,2052,113.26292229635621,Property
Flaxseed,2053,114.26499442003183,Property
Flaxseed,2054,116.66580301673255,Property
Flaxseed,2055,115.82069478435817,Property
Flaxseed,2056,116.74565684261768,Property
Flaxseed,2057,117.83233730750658,Property
Flaxseed,2058,119.22670796412464,Property
Flaxseed,2059,120.99476899442759,Property
Flaxseed,2060,120.36287371616017,Property
Flaxseed,2061,120.83145014029955,Property
Flaxseed,2062,122.07524007087308,Property
Flaxseed,2063,124.74561834924857,Property
Flaxseed,2064,129.46397427823564,Property
Flaxseed,2065,131.83792745840438,Property
Flaxseed,2066,137.1646139125194,Property
Flaxseed,2067,138.3614392434729,Property
Flaxseed,2068,138.92377054128167,Property
Flaxseed,2069,141.67084310320277,Property
Flaxseed,2070,142.41313644335617,Property
Flaxseed,2071,143.18682510450574,Property
Flaxseed,2072,143.5318220374575,Property
Flaxseed,2073,143.7154351900466,Property
Flaxseed,2074,146.47201397230086,Property
Flaxseed,2075,146.03120493117362,Property
Flaxseed,2076,148.80267227645783,Property
Flaxseed,2077,150.40892931038906,Property
Flaxseed,2078,152.35895951589532,Property
Flaxseed,2079,154.37164632182203,Property
Flaxseed,2080,158.251057704537,Property
Flaxseed,2081,159.5299039629704,Property
Flaxseed,2082,159.71267303989654,Property
Flaxseed,2083,162.14468159948095,Property
Flaxseed,2084,164.9064121851229,Property
Flaxseed,2085,167.63024739188387,Property
Flaxseed,2086,167.3459763005127,Property
Flaxseed,2087,167.94473186501278,Property
Flaxseed,2088,169.6917824504507,Property
Flaxseed,2089,170.19487460402502,Property
Flaxseed,2090,168.87624480466081,Property
Flaxseed,2091,167.87879275741562,Property
Flaxseed,2092,169.01421681154636,Property
Flaxseed,2093,170.7199254535279,Property
Flaxseed,2094,170.85257657317845,Property
Flaxseed,2095,171.23214303832938,Property
Flaxseed,2096,173.97760635365427,Property
Flaxseed,2097,174.53130195226132,Property
Flaxseed,2098,175.6284837522108,Property
Flaxseed,2099,178.17979028799408,Property
Flaxseed,2100,179.60461352880986,Property
Flaxseed,2101,183.97495085081437,Property
Flaxseed,2013,41.805519466398984,Neighbourhood
Flaxseed,2014,44.99559968413128,Neighbourhood
Flaxseed,2015,47.22128487912566,Neighbourhood
Flaxseed,2016,48.132876175434546,Neighbourhood
Flaxseed,2017,51.332500544025386,Neighbourhood
Flaxseed,2018,55.31633717940381,Neighbourhood
Flaxseed,2019,56.95755911393469,Neighbourhood
Flaxseed,2020,58.35411860185063,Neighbourhood
Flaxseed,2021,59.20648575550282,Neighbourhood
Flaxseed,2022,61.52819915414692,Neighbourhood
Flaxseed,2023,63.72733914245856,Neighbourhood
Flaxseed,2024,66.02707032984551,Neighbourhood
Flaxseed,2025,66.13611926015463,Neighbourhood
Flaxseed,2026,67.22477071871947,Neighbourhood
Flaxseed,2027,69.36894043378851,Neighbourhood
Flaxseed,2028,68.8483455922835,Neighbourhood
Flaxseed,2029,73.7063302077855,Neighbourhood
Flaxseed,2030,73.16274835243068,Neighbourhood
Flaxseed,2031,75.62908174133383,Neighbourhood
Flaxseed,2032,76.47591239017098,Neighbourhood
Flaxseed,2033,75.2199301927754,Neighbourhood
Flaxseed,2034,77.52286219375617,Neighbourhood
Flaxseed,2035,80.56234622591955,Neighbourhood
Flaxseed,2036,83.12243924957397,Neighbourhood
Flaxseed,2037,84.3441695821596,Neighbourhood
Flaxseed,2038,87.14286657451981,Neighbourhood
Flaxseed,2039,91.47033338403055,Neighbourhood
Flaxseed,2040,94.17320413500701,Neighbourhood
Flaxseed,2041,95.81809158392915,Neighbourhood
Flaxseed,2042,98.51255034851664,Neighbourhood
Flaxseed,2043,98.66678677919334,Neighbourhood
Flaxseed,2044,102.28656425903304,Neighbourhood
Flaxseed,2045,101.45818721788531,Neighbourhood
Flaxseed,2046,105.43442945349035,Neighbourhood
Flaxseed,2047,106.82334997188885,Neighbourhood
Flaxseed,2048,110.67996490899637,Neighbourhood
Flaxseed,2049,112.94752751428454,Neighbourhood
Flaxseed,2050,116.05640720122558,Neighbourhood
Flaxseed,2051,115.98787623371584,Neighbourhood
Flaxseed,2052,119.54748520202214,Neighbourhood
Flaxseed,2053,122.15739552328837,Neighbourhood
Flaxseed,2054,126.43855782585774,Neighbourhood
Flaxseed,2055,130.47896052698695,Neighbourhood
Flaxseed,2056,132.28391918109867,Neighbourhood
Flaxseed,2057,134.01301508268665,Neighbourhood
Flaxseed,2058,136.49407393383026,Neighbourhood
Flaxseed,2059,138.11565358101288,Neighbourhood
Flaxseed,2060,139.95016366242743,Neighbourhood
Flaxseed,2061,142.16615298178723,Neighbourhood
Flaxseed,2062,142.20561003351568,Neighbourhood
Flaxseed,2063,144.76973058898835,Neighbourhood
Flaxseed,2064,148.65096939974694,Neighbourhood
Flaxseed,2065,149.66257399719126,Neighbourhood
Flaxseed,2066,152.16466203749218,Neighbourhood
Flaxseed,2067,154.48637183032054,Neighbourhood
Flaxseed,2068,158.08099712739585,Neighbourhood
Flaxseed,2069,158.77800609212989,Neighbourhood
Flaxseed,2070,159.1601538509645,Neighbourhood
Flaxseed,2071,163.21403578186334,Neighbourhood
Flaxseed,2072,163.57815258097918,Neighbourhood
Flaxseed,2073,165.5901694635387,Neighbourhood
Flaxseed,2074,166.6016466219799,Neighbourhood
Flaxseed,2075,168.9466958546571,Neighbourhood
Flaxseed,2076,173.06314253136645,Neighbourhood
Flaxseed,2077,175.84602168928242,Neighbourhood
Flaxseed,2078,176.42257221295387,Neighbourhood
Flaxseed,2079,178.13947656744043,Neighbourhood
Flaxseed,2080,179.80357311289083,Neighbourhood
Flaxseed,2081,182.17990274296116,Neighbourhood
Flaxseed,2082,183.11948426386755,Neighbourhood
Flaxseed,2083,184.6890898947782,Neighbourhood
Flaxseed,2084,186.9569347153913,Neighbourhood
Flaxseed,2085,189.07731837961225,Neighbourhood
Flaxseed,2086,190.84530825446964,Neighbourhood
Flaxseed,2087,191.24298601535816,Neighbourhood
Flaxseed,2088,191.5651038970113,Neighbourhood
Flaxseed,2089,194.40594470174563,Neighbourhood
Flaxseed,2090,194.97574245074995,Neighbourhood
Flaxseed,2091,198.02011146848406,Neighbourhood
Flaxseed,2092,200.31568235711512,Neighbourhood
Flaxseed,2093,201.7825721102429,Neighbourhood
Flaxseed,2094,205.18841559622354,Neighbourhood
Flaxseed,2095,205.68913623333003,Neighbourhood
Flaxseed,2096,205.71005089305916,Neighbourhood
Flaxseed,2097,207.15926820974147,Neighbourhood
Flaxseed,2098,208.90678246839408,Neighbourhood
Flaxseed,2099,209.40255626846564,Neighbourhood
Flaxseed,2100,211.1155864989605,Neighbourhood
Flaxseed,2101,212.31339873068714,Neighbourhood
Flaxseed,2013,40.880294149717265,National
Flaxseed,2014,43.43056706586397,National
Flaxseed,2015,43.94031976825112,National
Flaxseed,2016,44.29653925043017,National
Flaxseed,2017,46.63627938944706,National
Flaxseed,2018,47.54838566369455,National
Flaxseed,2019,49.23646658272811,National
Flaxseed,2020,48.84978415530913,National
Flaxseed,2021,52.08088131172087,National
Flaxseed,2022,53.516478459524166,National
Flaxseed,2023,55.07161696298899,National
Flaxseed,2024,55.25667225499308,National
Flaxseed,2025,57.217340744983375,National
Flaxseed,2026,59.6117657810731,National
Flaxseed,2027,60.83665706668668,National
Flaxseed,2028,64.32773954288847,National
Flaxseed,2029,65.53990478880017,National
Flaxseed,2030,68.93633541555117,National
Flaxseed,2031,71.15559256556006,National
Flaxseed,2032,73.33648621394413,National
Flaxseed,2033,76.15599127721799,National
Flaxseed,2034,78.2831335519548,National
Flaxseed,2035,80.93035662666392,National
Flaxseed,2036,83.71849888880885,National
Flaxseed,2037,84.86128158234519,National
Flaxseed,2038,86.35385814156864,National
Flaxseed,2039,87.42159245431135,National
Flaxseed,2040,89.75325794871466,National
Flaxseed,2041,91.11773244005022,National
Flaxseed,2042,91.31770974562679,National
Flaxseed,2043,91.6846168144684,National
Flaxseed,2044,92.7606063898462,National
Flaxseed,2045,95.26453266403908,National
Flaxseed,2046,98.94439625254418,National
Flaxseed,2047,101.477378500344,National
Flaxseed,2048,102.73524715459453,National
Flaxseed,2049,104.9701579730498,National
Flaxseed,2050,108.07864513899636,National
Flaxseed,2051,111.00948457231961,National
Flaxseed,2052,113.26303747140948,National
Flaxseed,2053,115.47077822613608,National
Flaxseed,2054,116.93759176175043,National
Flaxseed,2055,120.98189213867172,National
Flaxseed,2056,123.41809662830549,National
Flaxseed,2057,124.61405208299112,National
Flaxseed,2058,125.74232301732344,National
Flaxseed,2059,128.57738264613292,National
Flaxseed,2060,130.46192030752172,National
Flaxseed,2061,133.31425197379954,National
Flaxseed,2062,135.08813337482758,National
Flaxseed,2063,137.2622180583553,National
Flaxseed,2064,139.39327581519765,National
Flaxseed,2065,141.69979251418488,National
Flaxseed,2066,142.29293571224008,National
Flaxseed,2067,143.27243842835983,National
Flaxseed,2068,145.1829663923399,National
Flaxseed,2069,147.3000301697582,National
Flaxseed,2070,149.65471533561697,National
Flaxseed,2071,151.61891098046587,National
Flaxseed,2072,153.34399344017157,National
Flaxseed,2073,153.92511146668556,National
Flaxseed,2074,155.5877793069148,National
Flaxseed,2075,158.00595031030576,National
Flaxseed,2076,159.1236369646358,National
Flaxseed,2077,159.74513328095173,National
Flaxseed,2078,160.8885091363325,National
Flaxseed,2079,161.71619956681275,National
Flaxseed,2080,163.58770346729796,National
Flaxseed,2081,164.88784148196584,National
Flaxseed,2082,168.93306737943794,National
Flaxseed,2083,169.50591951156787,National
Flaxseed,2084,171.92572760497444,National
Flaxseed,2085,174.0885244615086,National
Flaxseed,2086,176.97054695641853,National
Flaxseed,2087,180.19435776732143,National
Flaxseed,2088,180.61688851957393,National
Flaxseed,2089,182.28644567165395,National
Flaxseed,2090,183.59585109625883,National
Flaxseed,2091,185.85049937675862,National
Flaxseed,2092,186.92045947162856,National
Flaxseed,2093,188.53860641169854,National
Flaxseed,2094,189.89816303986714,National
Flaxseed,2095,192.3250594347144,National
Flaxseed,2096,195.32942662977158,National
Flaxseed,2097,196.30908439226477,National
Flaxseed,2098,197.919298441037,National
Flaxseed,2099,199.376211766331,National
Flaxseed,2100,201.23722662495587,National
Flaxseed,2101,202.590234044492,National
Wheat,2013,71.47495066984476,Property
Wheat,2014,76.04372342275262,Property
Wheat,2015,76.55060426434073,Property
Wheat,2016,78.37363023498159,Property
Wheat,2017,83.71636808657588,Property
Wheat,2018,82.96609531919569,Property
Wheat,2019,86.3129619141697,Property
Wheat,2020,89.83762509276343,Property
Wheat,2021,94.13843618069778,Property
Wheat,2022,95.39625228438939,Property
Wheat,2023,96.78386322654288,Property
Wheat,2024,97.29269476723866,Property
Wheat,2025,100.00528213344839,Property
Wheat,2026,101.57589519378485,Property
Wheat,2027,103.7455532726832,Property
Wheat,2028,105.44527790807427,Property
Wheat,2029,106.91720566013127,Property
Wheat,2030,108.84723363620424,Property
Wheat,2031,113.81185867798791,Property
Wheat,2032,116.15404458165193,Property
Wheat,2033,117.77147023132304,Property
Wheat,2034,120.17806020443868,Property
Wheat,2035,121.09091046766193,Property
Wheat,2036,124.70734328399388,Property
Wheat,2037,129.14102248858083,Property
Wheat,2038,132.3773947190558,Property
Wheat,2039,134.68292768826967,Property
Wheat,2040,135.01922339417973,Property
Wheat,2041,135.84436587209925,Property
Wheat,2042,135.08640863457322,Property
Wheat,2043,136.609991005506,Property
Wheat,2044,137.45622735829397,Property
Wheat,2045,141.31637214995672,Property
Wheat,2046,143.91954025400528,Property
Wheat,2047,145.9284420760755,Property
Wheat,2048,149.4357111947632,Property
Wheat,2049,151.61704969775235,Property
Wheat,2050,155.89735053877197,Property
Wheat,2051,158.15785472456804,Property
Wheat,2052,158.50789922866886,Property
Wheat,2053,162.35998126468184,Property
Wheat,2054,160.70808737451586,Property
Wheat,2055,163.1909422049356,Property
Wheat,2056,167.34112588199727,Property
Wheat,2057,167.43936376162006,Property
Wheat,2058,169.2134221309343,Property
Wheat,2059,171.49459159175174,Property
Wheat,2060,175.3667247687262,Property
Wheat,2061,175.58308184573042,Property
Wheat,2062,176.97508642519034,Property
Wheat,2063,179.76466164741458,Property
Wheat,2064,181.15000711334983,Property
Wheat,2065,185.0485437517896,Property
Wheat,2066,187.7876123360451,Property
Wheat,2067,190.3070110950393,Property
Wheat,2068,191.9696565248302,Property
Wheat,2069,193.9819109660634,Property
Wheat,2070,198.2350022897303,Property
Wheat,2071,200.83566587288738,Property
Wheat,2072,200.9244751455302,Property
Wheat,2073,202.9015312155933,Property
Wheat,2074,203.97796525202176,Property
Wheat,2075,205.05013326816123,Property
Wheat,2076,206.99666332868878,Property
Wheat,2077,208.1608512669261,Property
Wheat,2078,210.56777545851412,Property
Wheat,2079,213.13978536347167,Property
Wheat,2080,215.58794615594587,Property
Wheat,2081,217.44605612040033,Property
Wheat,2082,220.71130920509074,Property
Wheat,2083,221.0924668772334,Property
Wheat,2084,223.39425497535382,Property
Wheat,2085,224.84810683801112,Property
Wheat,2086,226.25498843980216,Property
Wheat,2087,229.04191429684147,Property
Wheat,2088,234.26424275998932,Property
Wheat,2089,234.2957151794427,Property
Wheat,2090,232.75593982639873,Property
Wheat,2091,236.27385994042118,Property
Wheat,2092,239.50401101921562,Property
Wheat,2093,243.29831657721633,Property
Wheat,2094,246.96878746094774,Property
Wheat,2095,248.31013758116558,Property
Wheat,2096,250.759805014353,Property
Wheat,2097,252.72957469811024,Property
Wheat,2098,252.48641435593538,Property
Wheat,2099,255.8574273187342,Property
Wheat,2100,260.0159605622999,Property
Wheat,2101,261.99952863053153,Property
Wheat,2013,46.406884612986254,Neighbourhood
Wheat,2014,42.92447793801825,Neighbourhood
Wheat,2015,45.27698079616757,Neighbourhood
Wheat,2016,46.78707324289338,Neighbourhood
Wheat,2017,51.842696569698276,Neighbourhood
Wheat,2018,51.33565450824117,Neighbourhood
Wheat,2019,54.01938640749404,Neighbourhood
Wheat,2020,55.62976548503387,Neighbourhood
Wheat,2021,57.943220264212954,Neighbourhood
Wheat,2022,59.87356137502455,Neighbourhood
Wheat,2023,61.982269172703305,Neighbourhood
Wheat,2024,65.50429222967223,Neighbourhood
Wheat,2025,65.9070342600615,Neighbourhood
Wheat,2026,68.10181817554343,Neighbourhood
Wheat,2027,66.13255135909444,Neighbourhood
Wheat,2028,67.68193287851354,Neighbourhood
Wheat,2029,72.23491291118361,Neighbourhood
Wheat,2030,71.74721990339593,Neighbourhood
Wheat,2031,72.62328431875227,Neighbourhood
Wheat,2032,70.45178465513641,Neighbourhood
Wheat,2033,69.90528896754867,Neighbourhood
Wheat,2034,69.95657855181541,Neighbourhood
Wheat,2035,71.81478432377489,Neighbourhood
Wheat,2036,72.30822163422968,Neighbourhood
Wheat,2037,73.86259221045557,Neighbourhood
Wheat,2038,74.52121407263031,Neighbourhood
Wheat,2039,76.85173594891641,Neighbourhood
Wheat,2040,79.12333734026768,Neighbourhood
Wheat,2041,81.68186500503717,Neighbourhood
Wheat,2042,82.7748686369262,Neighbourhood
Wheat,2043,85.60646714959493,Neighbourhood
Wheat,2044,90.29593810880158,Neighbourhood
Wheat,2045,93.07229426499924,Neighbourhood
Wheat,2046,95.62120348687978,Neighbourhood
Wheat,2047,97.87224371954423,Neighbourhood
Wheat,2048,100.91092492729203,Neighbourhood
Wheat,2049,103.45447674996221,Neighbourhood
Wheat,2050,105.18517993456668,Neighbourhood
Wheat,2051,109.0851391031517,Neighbourhood
Wheat,2052,113.97701232606562,Neighbourhood
Wheat,2053,115.53743488431051,Neighbourhood
Wheat,2054,117.54051400367828,Neighbourhood
Wheat,2055,121.42432126223035,Neighbourhood
Wheat,2056,121.57075414582714,Neighbourhood
Wheat,2057,123.39633854650482,Neighbourhood
Wheat,2058,125.0612115898586,Neighbourhood
Wheat,2059,125.96860709432421,Neighbourhood
Wheat,2060,129.39034162406708,Neighbourhood
Wheat,2061,132.115838129861,Neighbourhood
Wheat,2062,135.69518029062453,Neighbourhood
Wheat,2063,137.5751574648611,Neighbourhood
Wheat,2064,140.22702083748626,Neighbourhood
Wheat,2065,144.40855912732246,Neighbourhood
Wheat,2066,143.12920472991243,Neighbourhood
Wheat,2067,141.93146187216968,Neighbourhood
Wheat,2068,144.21004942997357,Neighbourhood
Wheat,2069,143.2204501093321,Neighbourhood
Wheat,2070,145.17791873733512,Neighbourhood
Wheat,2071,145.30316294532835,Neighbourhood
Wheat,2072,149.02221512718538,Neighbourhood
Wheat,2073,152.90870418936746,Neighbourhood
Wheat,2074,156.04446524023473,Neighbourhood
Wheat,2075,157.61319602662138,Neighbourhood
Wheat,2076,159.4862393926967,Neighbourhood
Wheat,2077,160.83571305213135,Neighbourhood
Wheat,2078,163.61593420687575,Neighbourhood
Wheat,2079,168.42858851622498,Neighbourhood
Wheat,2080,171.0736918046165,Neighbourhood
Wheat,2081,174.74317811653364,Neighbourhood
Wheat,2082,175.17248948808526,Neighbourhood
Wheat,2083,176.81197742779636,Neighbourhood
Wheat,2084,178.81876640839954,Neighbourhood
Wheat,2085,179.78695480146277,Neighbourhood
Wheat,2086,180.84992369558415,Neighbourhood
Wheat,2087,181.86297320742818,Neighbourhood
Wheat,2088,181.71024611663768,Neighbourhood
Wheat,2089,184.7687372534007,Neighbourhood
Wheat,2090,187.4878464701136,Neighbourhood
Wheat,2091,193.66196875930828,Neighbourhood
Wheat,2092,193.50525248687805,Neighbourhood
Wheat,2093,193.54735115327068,Neighbourhood
Wheat,2094,199.24009336064125,Neighbourhood
Wheat,2095,203.3305548738603,Neighbourhood
Wheat,2096,207.22691003544904,Neighbourhood
Wheat,2097,210.48541721240417,Neighbourhood
Wheat,2098,209.54041412210967,Neighbourhood
Wheat,2099,208.91494196467443,Neighbourhood
Wheat,2100,213.0709472863724,Neighbourhood
Wheat,2101,216.0856442398424,Neighbourhood
Wheat,2013,43.67453561530168,National
Wheat,2014,45.7354300174921,National
Wheat,2015,44.23669108915491,National
Wheat,2016,46.984638829381446,National
Wheat,2017,46.82109844124391,National
Wheat,2018,51.44525314458439,National
Wheat,2019,52.68112598737701,National
Wheat,2020,51.656671800254614,National
Wheat,2021,52.62632653425383,National
Wheat,2022,55.33074401197539,National
Wheat,2023,61.021503332994186,National
Wheat,2024,59.51259838626402,National
Wheat,2025,59.766843036713475,National
Wheat,2026,63.26946242882798,National
Wheat,2027,65.77612676647313,National
Wheat,2028,69.35598562355203,National
Wheat,2029,70.20191677110998,National
Wheat,2030,70.33625257724881,National
Wheat,2031,68.03014616412277,National
Wheat,2032,72.39822734199727,National
Wheat,2033,75.12457485966692,National
Wheat,2034,77.51435139161461,National
Wheat,2035,80.1273183864871,National
Wheat,2036,78.80399020256928,National
Wheat,2037,83.77750299173186,National
Wheat,2038,83.76175944108854,National
Wheat,2039,84.60244985626755,National
Wheat,2040,88.1051714054174,National
Wheat,2041,90.23544589311732,National
Wheat,2042,91.97742246752378,National
Wheat,2043,90.79691776425008,National
Wheat,2044,90.72490384313843,National
Wheat,2045,95.14279622552743,National
Wheat,2046,95.29167154049925,National
Wheat,2047,95.67938799824825,National
Wheat,2048,97.22905384393653,National
Wheat,2049,99.74419615279386,National
Wheat,2050,100.53653028699586,National
Wheat,2051,99.19507733964532,National
Wheat,2052,102.30169282656468,National
Wheat,2053,102.9128528888414,National
Wheat,2054,105.27732586318051,National
Wheat,2055,107.44204424970948,National
Wheat,2056,106.61089205398736,National
Wheat,2057,105.87530979061634,National
Wheat,2058,106.44475314984524,National
Wheat,2059,107.1487707660028,National
Wheat,2060,109.8243735114363,National
Wheat,2061,112.09426997796943,National
Wheat,2062,112.29160457885389,National
Wheat,2063,109.20416367338723,National
Wheat,2064,109.82380387768339,National
Wheat,2065,111.49925007131007,National
Wheat,2066,111.12089446384418,National
Wheat,2067,110.20535693392286,National
Wheat,2068,110.94495544082471,National
Wheat,2069,111.80855784285498,National
Wheat,2070,111.93833430908926,National
Wheat,2071,112.51413606947311,National
Wheat,2072,114.5516542174269,National
Wheat,2073,115.19390398690874,National
Wheat,2074,115.25954681327677,National
Wheat,2075,115.39605118275374,National
Wheat,2076,115.00707175252477,National
Wheat,2077,111.47872397836817,National
Wheat,2078,110.91158454042534,National
Wheat,2079,113.55549930979632,National
Wheat,2080,113.79538834636223,National
Wheat,2081,117.71993999407132,National
Wheat,2082,119.76144611053951,National
Wheat,2083,120.99861002565571,National
Wheat,2084,124.12885343435116,National
Wheat,2085,122.58941229319791,National
Wheat,2086,123.49027153312096,National
Wheat,2087,125.32107201682865,National
Wheat,2088,125.38035869785115,National
Wheat,2089,127.86624616616695,National
Wheat,2090,130.57630077014096,National
Wheat,2091,130.17542637562127,National
Wheat,2092,131.6253698718242,National
Wheat,2093,133.98401651361405,National
Wheat,2094,133.9126010445065,National
Wheat,2095,134.65428842160503,National
Wheat,2096,139.36834346841118,National
Wheat,2097,143.86166460466927,National
Wheat,2098,144.9371235920827,National
Wheat,2099,148.45848841735796,National
Wheat,2100,148.94193279217103,National
Wheat,2101,150.40442899698544,National
Corn,2013,68.03288023510268,Property
Corn,2014,70.44830564085703,Property
Corn,2015,69.31858677070205,Property
Corn,2016,70.36758265109104,Property
Corn,2017,68.42508663636315,Property
Corn,2018,71.6935251715932,Property
Corn,2019,74.57196184976938,Property
Corn,2020,76.0097532971285,Property
Corn,2021,80.40220480110182,Property
Corn,2022,78.23243129032662,Property
Corn,2023,76.94876903536807,Property
Corn,2024,81.5859899194024,Property
Corn,2025,85.18611234630794,Property
Corn,2026,87.37538061646869,Property
Corn,2027,87.5988729792731,Property
Corn,2028,88.03354946162108,Property
Corn,2029,86.93342592767459,Property
Corn,2030,93.46440457889732,Property
Corn,2031,93.89813049995328,Property
Corn,2032,96.67043379272224,Property
Corn,2033,97.4877328823427,Property
Corn,2034,104.45631963220617,Property
Corn,2035,105.91602169237868,Property
Corn,2036,106.72466767696636,Property
Corn,2037,106.68766553627594,Property
Corn,2038,108.6255003453798,Property
Corn,2039,111.23571798181037,Property
Corn,2040,113.34153183851,Property
Corn,2041,111.04474408871896,Property
Corn,2042,112.45507743523929,Property
Corn,2043,110.1919602461036,Property
Corn,2044,110.71089603564265,Property
Corn,2045,113.23109358555814,Property
Corn,2046,113.66989158079966,Property
Corn,2047,117.0833823002936,Property
Corn,2048,117.12156244350932,Property
Corn,2049,117.89071028608736,Property
Corn,2050,118.68058092960396,Property
Corn,2051,121.85234626038371,Property
Corn,2052,123.5397277445353,Property
Corn,2053,126.1199848459885,Property
Corn,2054,127.36548338119414,Property
Corn,2055,128.51377081100284,Property
Corn,2056,127.05268706316168,Property
Corn,2057,131.7754846751857,Property
Corn,2058,137.74066919600608,Property
Corn,2059,140.74538055449116,Property
Corn,2060,140.73400723914992,Property
Corn,2061,141.11846386321855,Property
Corn,2062,143.13296106355034,Property
Corn,2063,144.7716359510632,Property
Corn,2064,142.83220064396653,Property
Corn,2065,143.55069049135903,Property
Corn,2066,148.65360310390005,Property
Corn,2067,151.90800170219893,Property
Corn,2068,151.46607015387326,Property
Corn,2069,152.5972951939396,Property
Corn,2070,149.49521599343777,Property
Corn,2071,154.10192503681932,Property
Corn,2072,155.00671681867726,Property
Corn,2073,153.5530920639402,Property
Corn,2074,155.7088603038519,Property
Corn,2075,154.56424662827635,Property
Corn,2076,155.74613694211024,Property
Corn,2077,156.65074162067498,Property
Corn,2078,158.4638817823132,Property
Corn,2079,157.93662105071883,Property
Corn,2080,158.78116120966996,Property
Corn,2081,158.90834545624375,Property
Corn,2082,162.79931407292383,Property
Corn,2083,163.35964472754762,Property
Corn,2084,165.18379581042527,Property
Corn,2085,167.0657652940746,Property
Corn,2086,169.37073525833722,Property
Corn,2087,172.67034370273655,Property
Corn,2088,173.8285076993838,Property
Corn,2089,176.86747637290495,Property
Corn,2090,176.70897544289556,Property
Corn,2091,180.79140827817866,Property
Corn,2092,184.91555496683287,Property
Corn,2093,187.08697434729288,Property
Corn,2094,185.1507967586763,Property
Corn,2095,181.51164302208366,Property
Corn,2096,183.31353063884092,Property
Corn,2097,186.99550465213025,Property
Corn,2098,187.5370722518614,Property
Corn,2099,187.15610618412495,Property
Corn,2100,190.13905057630257,Property
Corn,2101,192.80780596570986,Property
Corn,2013,57.13902871142662,Neighbourhood
Corn,2014,56.731810426512084,Neighbourhood
Corn,2015,56.92178688640613,Neighbourhood
Corn,2016,57.12214810994089,Neighbourhood
Corn,2017,58.6393608455172,Neighbourhood
Corn,2018,58.60159922140724,Neighbourhood
Corn,2019,58.70310300481901,Neighbourhood
Corn,2020,58.6223501005237,Neighbourhood
Corn,2021,58.422388609321466,Neighbourhood
Corn,2022,59.004071173200145,Neighbourhood
Corn,2023,59.21827483175403,Neighbourhood
Corn,2024,59.39430224535466,Neighbourhood
Corn,2025,60.72497139542932,Neighbourhood
Corn,2026,61.504738280082094,Neighbourhood
Corn,2027,61.569870009669515,Neighbourhood
Corn,2028,62.427435044431455,Neighbourhood
Corn,2029,62.708116521902745,Neighbourhood
Corn,2030,63.22761182911833,Neighbourhood
Corn,2031,63.64370750984605,Neighbourhood
Corn,2032,63.95843314717927,Neighbourhood
Corn,2033,64.07839988959498,Neighbourhood
Corn,2034,64.01358929835123,Neighbourhood
Corn,2035,64.8597896328362,Neighbourhood
Corn,2036,65.9424347469003,Neighbourhood
Corn,2037,65.67765680993733,Neighbourhood
Corn,2038,64.78507722587955,Neighbourhood
Corn,2039,64.36630102134997,Neighbourhood
Corn,2040,65.24188396085574,Neighbourhood
Corn,2041,64.65307730933787,Neighbourhood
Corn,2042,65.2378971115895,Neighbourhood
Corn,2043,65.63813057580572,Neighbourhood
Corn,2044,66.30987722875604,Neighbourhood
Corn,2045,67.06533844758316,Neighbourhood
Corn,2046,67.0822362601956,Neighbourhood
Corn,2047,67.53574958809635,Neighbourhood
Corn,2048,68.41918025374524,Neighbourhood
Corn,2049,68.59624920874415,Neighbourhood
Corn,2050,68.84569610321978,Neighbourhood
Corn,2051,69.17110793446017,Neighbourhood
Corn,2052,69.09770383929494,Neighbourhood
Corn,2053,69.78960346230289,Neighbourhood
Corn,2054,71.01306320889385,Neighbourhood
Corn,2055,70.96432225170147,Neighbourhood
Corn,2056,71.59606527784076,Neighbourhood
Corn,2057,71.58435469168454,Neighbourhood
Corn,2058,71.71908139981292,Neighbourhood
Corn,2059,72.72435591089625,Neighbourhood
Corn,2060,74.08569410098113,Neighbourhood
Corn,2061,75.2100544450236,Neighbourhood
Corn,2062,76.22812147891054,Neighbourhood
Corn,2063,75.86836923297103,Neighbourhood
Corn,2064,75.76162238298517,Neighbourhood
Corn,2065,75.4220101684568,Neighbourhood
Corn,2066,76.42449490290463,Neighbourhood
Corn,2067,76.57725396214397,Neighbourhood
Corn,2068,77.1207903992332,Neighbourhood
Corn,2069,77.49800525341907,Neighbourhood
Corn,2070,77.41648793523353,Neighbourhood
Corn,2071,78.24063579770832,Neighbourhood
Corn,2072,79.18327191769892,Neighbourhood
Corn,2073,78.54891381775099,Neighbourhood
Corn,2074,79.46667745813089,Neighbourhood
Corn,2075,79.43118388917392,Neighbourhood
Corn,2076,79.86874319345168,Neighbourhood
Corn,2077,80.19043275486848,Neighbourhood
Corn,2078,80.48084533126097,Neighbourhood
Corn,2079,81.87401676383784,Neighbourhood
Corn,2080,82.31208154681775,Neighbourhood
Corn,2081,82.98714042221327,Neighbourhood
Corn,2082,83.15489148474418,Neighbourhood
Corn,2083,82.12752581391008,Neighbourhood
Corn,2084,82.62466429700267,Neighbourhood
Corn,2085,81.68509166723064,Neighbourhood
Corn,2086,81.69950556931494,Neighbourhood
Corn,2087,82.01303170064712,Neighbourhood
Corn,2088,82.76998026641544,Neighbourhood
Corn,2089,82.48657825803171,Neighbourhood
Corn,2090,82.00399596372347,Neighbourhood
Corn,2091,81.59625024325474,Neighbourhood
Corn,2092,83.48500829505106,Neighbourhood
Corn,2093,83.85773187448035,Neighbourhood
Corn,2094,84.44118881246202,Neighbourhood
Corn,2095,84.7623763468817,Neighbourhood
Corn,2096,84.09537800614109,Neighbourhood
Corn,2097,84.20703574093616,Neighbourhood
Corn,2098,84.5252388129304,Neighbourhood
Corn,2099,84.57024597229942,Neighbourhood
Corn,2100,84.62061288871931,Neighbourhood
Corn,2101,85.00994232155688,Neighbourhood
Corn,2013,64.56215827033667,National
Corn,2014,65.32284011774225,National
Corn,2015,68.70205363579053,National
Corn,2016,72.73320406293725,National
Corn,2017,71.45056490000644,National
Corn,2018,74.91887177166484,National
Corn,2019,76.8765928953011,National
Corn,2020,77.721389381142,National
Corn,2021,80.80319587494489,National
Corn,2022,81.39484325274982,National
Corn,2023,82.87775708983222,National
Corn,2024,85.48271007928535,National
Corn,2025,86.38821302559376,National
Corn,2026,88.62913452559876,National
Corn,2027,89.8591853071531,National
Corn,2028,87.28573775555557,National
Corn,2029,89.06066546113296,National
Corn,2030,90.91498556704727,National
Corn,2031,89.44447848497607,National
Corn,2032,92.23584277455802,National
Corn,2033,95.08108848366712,National
Corn,2034,95.07539046859894,National
Corn,2035,97.19595772436605,National
Corn,2036,96.99712359967529,National
Corn,2037,99.29847769905062,National
Corn,2038,100.19145104967683,National
Corn,2039,101.44823431436072,National
Corn,2040,100.78131386040454,National
Corn,2041,100.1493753530668,National
Corn,2042,101.69429263816829,National
Corn,2043,103.17296746042925,National
Corn,2044,102.3114465771032,National
Corn,2045,100.74666009809489,National
Corn,2046,101.2330484021847,National
Corn,2047,100.61611607716225,National
Corn,2048,101.26074287476848,National
Corn,2049,101.36492006380584,National
Corn,2050,100.90619313010171,National
Corn,2051,102.90226896302565,National
Corn,2052,104.82766681556913,National
Corn,2053,106.61153146173868,National
Corn,2054,109.07143144296433,National
Corn,2055,110.43847805759471,National
Corn,2056,113.84715196249388,National
Corn,2057,112.28331860110899,National
Corn,2058,113.01307444907317,National
Corn,2059,113.92606758158357,National
Corn,2060,115.58128643808779,National
Corn,2061,115.25460100649431,National
Corn,2062,116.83884391037378,National
Corn,2063,119.47571432235776,National
Corn,2064,120.2486085681648,National
Corn,2065,119.56264627397616,National
Corn,2066,120.0243259314539,National
Corn,2067,122.16290137022679,National
Corn,2068,124.49196806432751,National
Corn,2069,126.46140883182508,National
Corn,2070,129.03720697848598,National
Corn,2071,128.36488293027458,National
Corn,2072,128.02533338916282,National
Corn,2073,127.49244947018452,National
Corn,2074,128.23269179063584,National
Corn,2075,129.4359797118625,National
Corn,2076,130.17070860005435,National
Corn,2077,132.02710268246545,National
Corn,2078,134.16193551933884,National
Corn,2079,134.72421402984648,National
Corn,2080,136.0796147377506,National
Corn,2081,136.33955037038663,National
Corn,2082,136.1626085352214,National
Corn,2083,136.3468189507681,National
Corn,2084,136.7903207939197,National
Corn,2085,138.38744756348504,National
Corn,2086,140.75171414748877,National
Corn,2087,142.97158015667725,National
Corn,2088,142.10594720405976,National
Corn,2089,144.82520366775563,National
Corn,2090,145.7580359370869,National
Corn,2091,144.03126091409837,National
Corn,2092,145.4688046774947,National
Corn,2093,147.01259309512318,National
Corn,2094,147.68731215828115,National
Corn,2095,149.3361612242312,National
Corn,2096,150.03665241596576,National
Corn,2097,154.54032155481525,National
Corn,2098,157.7605675872442,National
Corn,2099,157.38369392124966,National
Corn,2100,158.5621737658927,National
Corn,2101,160.7279143910875,National
Oats,2013,64.49576025376943,Property
Oats,2014,67.60068937706279,Property
Oats,2015,66.90926788611665,Property
Oats,2016,69.17004504078926,Property
Oats,2017,71.07080596059328,Property
Oats,2018,72.71196930627889,Property
Oats,2019,71.25021164963607,Property
Oats,2020,72.09967564172756,Property
Oats,2021,71.62479268926589,Property
Oats,2022,72.02566147076901,Property
Oats,2023,74.1455269846209,Property
Oats,2024,76.70831206770914,Property
Oats,2025,79.81114921371336,Property
Oats,2026,82.23057873979684,Property
Oats,2027,83.91334695376267,Property
Oats,2028,84.35812732273163,Property
Oats,2029,85.60480974385503,Property
Oats,2030,90.1145213071784,Property
Oats,2031,91.8047576567848,Property
Oats,2032,94.1587170724292,Property
Oats,2033,97.80458263045534,Property
Oats,2034,98.67165590827443,Property
Oats,2035,100.58068950138667,Property
Oats,2036,100.38428006024101,Property
Oats,2037,101.56928481329554,Property
Oats,2038,101.56393836452258,Property
Oats,2039,104.48863754721734,Property
Oats,2040,108.31089921723336,Property
Oats,2041,105.98770311929368,Property
Oats,2042,108.26105231725597,Property
Oats,2043,108.33164508254625,Property
Oats,2044,106.92038603644298,Property
Oats,2045,108.15651224051174,Property
Oats,2046,110.2780610768144,Property
Oats,2047,113.42701295748736,Property
Oats,2048,113.60081927216186,Property
Oats,2049,116.16917390457915,Property
Oats,2050,118.20212556734614,Property
Oats,2051,117.57587593218733,Property
Oats,2052,116.62213737673083,Property
Oats,2053,119.97860056107594,Property
Oats,2054,120.64847110596837,Property
Oats,2055,121.12307850965496,Property
Oats,2056,123.36420624936291,Property
Oats,2057,124.73953777761176,Property
Oats,2058,126.88428358786592,Property
Oats,2059,129.71831479698776,Property
Oats,2060,129.96569082105637,Property
Oats,2061,131.952825039929,Property
Oats,2062,134.03632202936694,Property
Oats,2063,135.94322820567794,Property
Oats,2064,136.5639600426203,Property
Oats,2065,138.0115888168735,Property
Oats,2066,137.73434539366536,Property
Oats,2067,140.1058062523198,Property
Oats,2068,138.53335592684718,Property
Oats,2069,137.25027903612335,Property
Oats,2070,136.51647592319782,Property
Oats,2071,136.81545293661674,Property
Oats,2072,137.56692255861884,Property
Oats,2073,139.4473341731525,Property
Oats,2074,143.52350894849195,Property
Oats,2075,144.14357373651728,Property
Oats,2076,145.2225476816435,Property
Oats,2077,145.61375417499653,Property
Oats,2078,147.85087082117053,Property
Oats,2079,147.47264222213357,Property
Oats,2080,149.99472369817914,Property
Oats,2081,152.42920120437122,Property
Oats,2082,154.81746980676144,Property
Oats,2083,157.30188156905473,Property
Oats,2084,158.89127350413105,Property
Oats,2085,162.7495318904829,Property
Oats,2086,164.8887250777467,Property
Oats,2087,167.99012938067446,Property
Oats,2088,171.88275404915055,Property
Oats,2089,174.7769179414036,Property
Oats,2090,175.81337478540445,Property
Oats,2091,176.65392081015403,Property
Oats,2092,179.85801431217453,Property
Oats,2093,179.7945415337462,Property
Oats,2094,181.70696006232433,Property
Oats,2095,180.1974212608951,Property
Oats,2096,180.77181650411828,Property
Oats,2097,183.2612248040008,Property
Oats,2098,184.82661880187618,Property
Oats,2099,187.61177436213035,Property
Oats,2100,187.62675617467391,Property
Oats,2101,187.9557146606452,Property
Oats,2013,67.54952730463468,Neighbourhood
Oats,2014,69.13338290265834,Neighbourhood
Oats,2015,70.9274007079665,Neighbourhood
Oats,2016,71.84646743556621,Neighbourhood
Oats,2017,72.75632320143143,Neighbourhood
Oats,2018,75.40303259497435,Neighbourhood
Oats,2019,77.17616444242094,Neighbourhood
Oats,2020,79.2278356545862,Neighbourhood
Oats,2021,77.96492613192095,Neighbourhood
Oats,2022,78.98397882542415,Neighbourhood
Oats,2023,80.66896491883944,Neighbourhood
Oats,2024,82.62163886766126,Neighbourhood
Oats,2025,84.524079122397,Neighbourhood
Oats,2026,87.85615923810892,Neighbourhood
Oats,2027,88.03118308076839,Neighbourhood
Oats,2028,91.35660167762057,Neighbourhood
Oats,2029,93.09316507796589,Neighbourhood
Oats,2030,94.42624420799804,Neighbourhood
Oats,2031,93.0251103762224,Neighbourhood
Oats,2032,96.44860388469232,Neighbourhood
Oats,2033,98.36858349808585,Neighbourhood
Oats,2034,99.05478432562835,Neighbourhood
Oats,2035,102.00339369992311,Neighbourhood
Oats,2036,105.58548628129776,Neighbourhood
Oats,2037,106.92953081409081,Neighbourhood
Oats,2038,107.30043404552805,Neighbourhood
Oats,2039,107.26196152055587,Neighbourhood
Oats,2040,109.80180991861059,Neighbourhood
Oats,2041,109.90687113483791,Neighbourhood
Oats,2042,111.02992198304219,Neighbourhood
Oats,2043,111.66348468197125,Neighbourhood
Oats,2044,112.9588412835531,Neighbourhood
Oats,2045,110.62696567085763,Neighbourhood
Oats,2046,113.88390577444147,Neighbourhood
Oats,2047,114.18108803303957,Neighbourhood
Oats,2048,113.91446423680412,Neighbourhood
Oats,2049,114.46861091252792,Neighbourhood
Oats,2050,114.58793706648507,Neighbourhood
Oats,2051,117.48229491632887,Neighbourhood
Oats,2052,119.78602592975213,Neighbourhood
Oats,2053,120.5516311997164,Neighbourhood
Oats,2054,122.20355322912303,Neighbourhood
Oats,2055,123.85731010518955,Neighbourhood
Oats,2056,126.30378759315442,Neighbourhood
Oats,2057,127.81963113202377,Neighbourhood
Oats,2058,127.9871321458846,Neighbourhood
Oats,2059,132.09856510921742,Neighbourhood
Oats,2060,130.21891950010803,Neighbourhood
Oats,2061,129.89499326696995,Neighbourhood
Oats,2062,128.63937251993303,Neighbourhood
Oats,2063,130.027515489702,Neighbourhood
Oats,2064,132.53763812299837,Neighbourhood
Oats,2065,133.14131539377325,Neighbourhood
Oats,2066,133.00384031921533,Neighbourhood
Oats,2067,135.5275342611735,Neighbourhood
Oats,2068,134.78543374261596,Neighbourhood
Oats,2069,135.6704716818016,Neighbourhood
Oats,2070,136.34724201528346,Neighbourhood
Oats,2071,139.8746432215326,Neighbourhood
Oats,2072,139.5510581917097,Neighbourhood
Oats,2073,142.18761237254319,Neighbourhood
Oats,2074,144.26455014855935,Neighbourhood
Oats,2075,147.36822224138325,Neighbourhood
Oats,2076,147.5519678648884,Neighbourhood
Oats,2077,148.33675013638924,Neighbourhood
Oats,2078,148.54229555383475,Neighbourhood
Oats,2079,150.39759300815064,Neighbourhood
Oats,2080,150.7848935373,Neighbourhood
Oats,2081,152.66571425660567,Neighbourhood
Oats,2082,156.2629303924213,Neighbourhood
Oats,2083,157.5641293753412,Neighbourhood
Oats,2084,156.52230712517058,Neighbourhood
Oats,2085,156.1854507321929,Neighbourhood
Oats,2086,156.1617681964301,Neighbourhood
Oats,2087,158.95729329952593,Neighbourhood
Oats,2088,159.2350103879925,Neighbourhood
Oats,2089,162.61477701148885,Neighbourhood
Oats,2090,164.27080212226502,Neighbourhood
Oats,2091,166.77552595405047,Neighbourhood
Oats,2092,163.83834698166027,Neighbourhood
Oats,2093,166.04130185973528,Neighbourhood
Oats,2094,169.29845896191904,Neighbourhood
Oats,2095,170.96536842148936,Neighbourhood
Oats,2096,170.86130911445383,Neighbourhood
Oats,2097,173.9913400386398,Neighbourhood
Oats,2098,175.52965430245092,Neighbourhood
Oats,2099,175.95958279310457,Neighbourhood
Oats,2100,178.48840423378425,Neighbourhood
Oats,2101,179.85837723342155,Neighbourhood
Oats,2013,64.28878663738567,National
Oats,2014,66.0881171382161,National
Oats,2015,66.76240518544043,National
Oats,2016,68.42746128810107,National
Oats,2017,70.53000835390078,National
Oats,2018,71.78163789549542,National
Oats,2019,73.43508960028159,National
Oats,2020,73.89233376486108,National
Oats,2021,75.15779322626902,National
Oats,2022,75.2296160595039,National
Oats,2023,76.06882389024207,National
Oats,2024,75.530061174238,National
Oats,2025,75.14317035753707,National
Oats,2026,76.41359681826314,National
Oats,2027,76.43205497558596,National
Oats,2028,76.69909998651366,National
Oats,2029,77.88805784309264,National
Oats,2030,79.56145850972976,National
Oats,2031,79.80129812227317,National
Oats,2032,80.23097762813563,National
Oats,2033,80.62237896121634,National
Oats,2034,82.7686062040107,National
Oats,2035,83.85618207728129,National
Oats,2036,86.97972580985328,National
Oats,2037,86.4293175353813,National
Oats,2038,86.1638959352089,National
Oats,2039,88.17031563697111,National
Oats,2040,88.2459717231801,National
Oats,2041,90.62458451123558,National
Oats,2042,93.22930139848296,National
Oats,2043,94.3822773503829,National
Oats,2044,96.53467509855008,National
Oats,2045,96.61537024595486,National
Oats,2046,97.21777171891698,National
Oats,2047,99.10429395841885,National
Oats,2048,99.13055129109374,National
Oats,2049,99.62181853138442,National
Oats,2050,98.96001751392924,National
Oats,2051,99.68542371468017,National
Oats,2052,99.56491703707243,National
Oats,2053,100.58285027741996,National
Oats,2054,101.47071636682598,National
Oats,2055,100.5553346911133,National
Oats,2056,101.57328751798477,National
Oats,2057,102.31362841956665,National
Oats,2058,102.22687572258837,National
Oats,2059,103.49819426759892,National
Oats,2060,104.69968176067282,National
Oats,2061,106.8132179481705,National
Oats,2062,108.72756997049771,National
Oats,2063,109.33278650113208,National
Oats,2064,111.2991130995348,National
Oats,2065,113.35426592640901,National
Oats,2066,116.2684494877318,National
Oats,2067,118.44613979437116,National
Oats,2068,117.69226602941706,National
Oats,2069,119.36075845642311,National
Oats,2070,119.26388265376106,National
Oats,2071,120.96682424580001,National
Oats,2072,121.79143066675923,National
Oats,2073,124.54243631826495,National
Oats,2074,124.88234140364766,National
Oats,2075,126.87818740683225,National
Oats,2076,129.13920688175187,National
Oats,2077,130.3780536395084,National
Oats,2078,132.40044461027188,National
Oats,2079,134.35554843945488,National
Oats,2080,133.86953686854125,National
Oats,2081,135.2853439775094,National
Oats,2082,135.63856463724636,National
Oats,2083,138.10479349101544,National
Oats,2084,140.22366143864298,National
Oats,2085,140.4519378150808,National
Oats,2086,139.6708021134155,National
Oats,2087,140.32995331224413,National
Oats,2088,140.08496681954267,National
Oats,2089,141.6891603173932,National
Oats,2090,141.471441259301,National
Oats,2091,139.34035396401632,National
Oats,2092,138.16959657949096,National
Oats,2093,137.60380254972782,National
Oats,2094,138.9452420236049,National
Oats,2095,140.29246219827817,National
Oats,2096,142.06663403610133,National
Oats,2097,141.3210788294332,National
Oats,2098,141.6871402395676,National
Oats,2099,142.31583158986854,National
Oats,2100,143.0025597829303,National
Oats,2101,143.25393683915786,National
Barley,2013,51.21010593717862,Property
Barley,2014,52.40862298950374,Property
Barley,2015,52.765595177501,Property
Barley,2016,52.79407506940912,Property
Barley,2017,55.46279011244039,Property
Barley,2018,57.89531839366712,Property
Barley,2019,58.36984737728649,Property
Barley,2020,59.61082526675615,Property
Barley,2021,59.241391476272995,Property
Barley,2022,60.24296599518745,Property
Barley,2023,62.272980133314746,Property
Barley,2024,63.93076643339069,Property
Barley,2025,65.52628113810897,Property
Barley,2026,67.20229863618431,Property
Barley,2027,68.7231982673669,Property
Barley,2028,69.09671615144865,Property
Barley,2029,72.66198692565962,Property
Barley,2030,73.78574099060646,Property
Barley,2031,75.90647798381099,Property
Barley,2032,79.40376991381557,Property
Barley,2033,78.25021263644835,Property
Barley,2034,79.0014073534071,Property
Barley,2035,80.37876131583063,Property
Barley,2036,82.18895843534591,Property
Barley,2037,84.68751320382934,Property
Barley,2038,85.59040408224692,Property
Barley,2039,87.1801637999315,Property
Barley,2040,85.30350886162512,Property
Barley,2041,86.94551976178482,Property
Barley,2042,86.70704033978582,Property
Barley,2043,90.9065367424536,Property
Barley,2044,89.43987576630244,Property
Barley,2045,92.28090214435099,Property
Barley,2046,92.63738768144543,Property
Barley,2047,96.96861243717832,Property
Barley,2048,99.55467478548462,Property
Barley,2049,99.4704476144496,Property
Barley,2050,100.59278201164682,Property
Barley,2051,102.39048563408691,Property
Barley,2052,104.27232081696542,Property
Barley,2053,104.52988382091071,Property
Barley,2054,106.07666228408539,Property
Barley,2055,106.76929940383165,Property
Barley,2056,109.23293724524541,Property
Barley,2057,112.04820706582112,Property
Barley,2058,112.92800543010068,Property
Barley,2059,112.84375440994245,Property
Barley,2060,113.81599786101584,Property
Barley,2061,114.80196995059976,Property
Barley,2062,117.88042500784928,Property
Barley,2063,118.77109482623841,Property
Barley,2064,121.11044408333724,Property
Barley,2065,119.87860713756972,Property
Barley,2066,123.19290441029581,Property
Barley,2067,122.26593468462572,Property
Barley,2068,124.01541037067162,Property
Barley,2069,123.88140158965037,Property
Barley,2070,125.75287284098492,Property
Barley,2071,128.76573385085203,Property
Barley,2072,131.24656925688402,Property
Barley,2073,133.70087779924634,Property
Barley,2074,134.30319254337945,Property
Barley,2075,135.3757620831381,Property
Barley,2076,135.23743010110644,Property
Barley,2077,135.65742210238113,Property
Barley,2078,138.18845375000612,Property
Barley,2079,138.606537101634,Property
Barley,2080,138.20401866015885,Property
Barley,2081,141.4190567412955,Property
Barley,2082,142.62887374280263,Property
Barley,2083,143.206266752104,Property
Barley,2084,144.69999753634954,Property
Barley,2085,144.74093743378694,Property
Barley,2086,144.1540377841023,Property
Barley,2087,144.71755304322198,Property
Barley,2088,148.32049054972174,Property
Barley,2089,152.0776401247945,Property
Barley,2090,153.51934028575826,Property
Barley,2091,155.43936453309334,Property
Barley,2092,155.24894968660016,Property
Barley,2093,157.29396713500086,Property
Barley,2094,158.15333613891409,Property
Barley,2095,158.9845804331414,Property
Barley,2096,160.0717862607114,Property
Barley,2097,162.3594934138083,Property
Barley,2098,164.7298139875303,Property
Barley,2099,164.53219243451989,Property
Barley,2100,167.65667915776424,Property
Barley,2101,166.8325173794835,Property
Barley,2013,52.23560448910556,Neighbourhood
Barley,2014,54.43963338350907,Neighbourhood
Barley,2015,56.355894853435714,Neighbourhood
Barley,2016,58.178577776661164,Neighbourhood
Barley,2017,59.66934959034213,Neighbourhood
Barley,2018,64.02347011426988,Neighbourhood
Barley,2019,66.22053458444567,Neighbourhood
Barley,2020,67.7011263555159,Neighbourhood
Barley,2021,67.98601022617912,Neighbourhood
Barley,2022,68.72020640953059,Neighbourhood
Barley,2023,72.11618533286483,Neighbourhood
Barley,2024,73.99718124996802,Neighbourhood
Barley,2025,74.87282624064554,Neighbourhood
Barley,2026,77.18756396963087,Neighbourhood
Barley,2027,78.9160968942644,Neighbourhood
Barley,2028,81.29254461751957,Neighbourhood
Barley,2029,84.68465035500755,Neighbourhood
Barley,2030,87.81059827444949,Neighbourhood
Barley,2031,91.6729353328187,Neighbourhood
Barley,2032,92.16159818458573,Neighbourhood
Barley,2033,96.31191489486591,Neighbourhood
Barley,2034,98.26548303313501,Neighbourhood
Barley,2035,99.94487682879665,Neighbourhood
Barley,2036,102.6253546772293,Neighbourhood
Barley,2037,107.40011232394272,Neighbourhood
Barley,2038,106.45002105316348,Neighbourhood
Barley,2039,109.7874499910062,Neighbourhood
Barley,2040,110.50613118660479,Neighbourhood
Barley,2041,113.2670333885562,Neighbourhood
Barley,2042,117.31005853016366,Neighbourhood
Barley,2043,119.74735289981894,Neighbourhood
Barley,2044,119.57811879897044,Neighbourhood
Barley,2045,120.98021446317244,Neighbourhood
Barley,2046,124.47785800991434,Neighbourhood
Barley,2047,126.7851176394349,Neighbourhood
Barley,2048,128.4404426172204,Neighbourhood
Barley,2049,132.37658690501945,Neighbourhood
Barley,2050,133.14713501579686,Neighbourhood
Barley,2051,136.29750525847322,Neighbourhood
Barley,2052,140.09789972906228,Neighbourhood
Barley,2053,142.51273778178603,Neighbourhood
Barley,2054,144.7456553623098,Neighbourhood
Barley,2055,147.42596061368732,Neighbourhood
Barley,2056,152.28966140646673,Neighbourhood
Barley,2057,155.15687060006798,Neighbourhood
Barley,2058,156.38347025671771,Neighbourhood
Barley,2059,156.08658094937363,Neighbourhood
Barley,2060,158.08844490623028,Neighbourhood
Barley,2061,160.13532886260043,Neighbourhood
Barley,2062,162.52644181502785,Neighbourhood
Barley,2063,166.54836911971725,Neighbourhood
Barley,2064,169.59913237506845,Neighbourhood
Barley,2065,171.76180272901166,Neighbourhood
Barley,2066,172.3207576877586,Neighbourhood
Barley,2067,174.02535549542773,Neighbourhood
Barley,2068,175.70400952461793,Neighbourhood
Barley,2069,178.36809189086136,Neighbourhood
Barley,2070,182.08810060288585,Neighbourhood
Barley,2071,186.38846452905892,Neighbourhood
Barley,2072,188.50290043850794,Neighbourhood
Barley,2073,188.70750130233387,Neighbourhood
Barley,2074,188.7027631694345,Neighbourhood
Barley,2075,192.74409062338796,Neighbourhood
Barley,2076,195.24095189833866,Neighbourhood
Barley,2077,199.7648768600562,Neighbourhood
Barley,2078,200.7379609928227,Neighbourhood
Barley,2079,201.55623889804002,Neighbourhood
Barley,2080,202.0406248167936,Neighbourhood
Barley,2081,203.1962850998538,Neighbourhood
Barley,2082,207.9824367418131,Neighbourhood
Barley,2083,209.97246165914007,Neighbourhood
Barley,2084,213.72599729142615,Neighbourhood
Barley,2085,217.6259257459906,Neighbourhood
Barley,2086,220.2181959909787,Neighbourhood
Barley,2087,223.50315376733644,Neighbourhood
Barley,2088,226.52743213279317,Neighbourhood
Barley,2089,229.00391578666915,Neighbourhood
Barley,2090,233.3601822714085,Neighbourhood
Barley,2091,234.9814029909562,Neighbourhood
Barley,2092,239.1333900810053,Neighbourhood
Barley,2093,242.32571658547164,Neighbourhood
Barley,2094,242.802133248471,Neighbourhood
Barley,2095,245.6233434726528,Neighbourhood
Barley,2096,250.2501205728171,Neighbourhood
Barley,2097,252.73250204169315,Neighbourhood
Barley,2098,256.271129301418,Neighbourhood
Barley,2099,256.1319187174181,Neighbourhood
Barley,2100,256.6247670959558,Neighbourhood
Barley,2101,259.5610626843094,Neighbourhood
Barley,2013,55.5137550327313,National
Barley,2014,57.205580600121365,National
Barley,2015,58.29925293798439,National
Barley,2016,61.63827548059237,National
Barley,2017,62.06186868551771,National
Barley,2018,64.31696928188515,National
Barley,2019,66.58250840578376,National
Barley,2020,66.48212296193198,National
Barley,2021,66.25151633854497,National
Barley,2022,68.81691081337503,National
Barley,2023,68.67281373228614,National
Barley,2024,68.96415389521601,National
Barley,2025,73.21724330432627,National
Barley,2026,72.5341350702546,National
Barley,2027,75.14008596577003,National
Barley,2028,77.40593218106555,National
Barley,2029,77.98152708404606,National
Barley,2030,77.63439479119893,National
Barley,2031,75.87755856638248,National
Barley,2032,77.47796686505417,National
Barley,2033,75.91507057880928,National
Barley,2034,75.85083903081554,National
Barley,2035,76.9721758623766,National
Barley,2036,79.20183269590966,National
Barley,2037,85.09151986212383,National
Barley,2038,88.34787218682041,National
Barley,2039,88.64629318762456,National
Barley,2040,86.92152471930493,National
Barley,2041,85.29079256950325,National
Barley,2042,85.36178793282518,National
Barley,2043,88.32439298313977,National
Barley,2044,86.8608508029877,National
Barley,2045,87.8532867615876,National
Barley,2046,91.25797545283321,National
Barley,2047,93.93679452952017,National
Barley,2048,93.21362444929876,National
Barley,2049,92.92477662522982,National
Barley,2050,93.52389208923152,National
Barley,2051,96.54338240830083,National
Barley,2052,96.80496695714695,National
Barley,2053,100.81237404573324,National
Barley,2054,103.82331833400522,National
Barley,2055,105.51048927244778,National
Barley,2056,104.80913245821385,National
Barley,2057,107.0231390740117,National
Barley,2058,109.38271160073904,National
Barley,2059,108.97207540527694,National
Barley,2060,107.21980823957368,National
Barley,2061,107.7828546057913,National
Barley,2062,106.53680723793268,National
Barley,2063,108.80975497173574,National
Barley,2064,110.94662390293868,National
Barley,2065,109.91913384621046,National
Barley,2066,111.65564852281983,National
Barley,2067,113.47686220943939,National
Barley,2068,112.88329292771692,National
Barley,2069,112.84112165679073,National
Barley,2070,113.59952048973983,National
Barley,2071,114.56977575244571,National
Barley,2072,116.71213265198574,National
Barley,2073,119.24091751017423,National
Barley,2074,118.71716883743736,National
Barley,2075,121.1038709145811,National
Barley,2076,124.98161200393511,National
Barley,2077,126.66283919915755,National
Barley,2078,129.61965132302691,National
Barley,2079,130.44116268605183,National
Barley,2080,130.15190098436324,National
Barley,2081,131.69347342543966,National
Barley,2082,134.30227125770904,National
Barley,2083,136.259187400261,National
Barley,2084,138.92283771529003,National
Barley,2085,139.57746850496284,National
Barley,2086,141.99509085284043,National
Barley,2087,142.16846437016855,National
Barley,2088,142.81163143049218,National
Barley,2089,142.40394393439826,National
Barley,2090,143.34521881342002,National
Barley,2091,143.20793603429814,National
Barley,2092,143.8672375644483,National
Barley,2093,143.72636417976605,National
Barley,2094,143.75481572675892,National
Barley,2095,146.2273933265505,National
Barley,2096,149.2408878306607,National
Barley,2097,150.27963232806007,National
Barley,2098,150.79365607921912,National
Barley,2099,152.195324138652,National
Barley,2100,152.0808730151272,National
Barley,2101,149.85343147222966,National
Canola,2013,59.24923177658724,Property
Canola,2014,59.36677636807752,Property
Canola,2015,61.134173861108074,Property
Canola,2016,63.80306539590178,Property
Canola,2017,67.9450610999663,Property
Canola,2018,71.30765875100879,Property
Canola,2019,70.87666581813201,Property
Canola,2020,74.77844732050181,Property
Canola,2021,79.01782778190979,Property
Canola,2022,81.39661195012874,Property
Canola,2023,85.89458884223221,Property
Canola,2024,86.16195464077643,Property
Canola,2025,84.84731638570918,Property
Canola,2026,83.0401993559554,Property
Canola,2027,84.8048213249415,Property
Canola,2028,87.07759191258636,Property
Canola,2029,89.66117525293605,Property
Canola,2030,92.76680845956713,Property
Canola,2031,90.55097076309445,Property
Canola,2032,91.5148020359848,Property
Canola,2033,94.61246675554355,Property
Canola,2034,99.42574252922702,Property
Canola,2035,102.4380036260132,Property
Canola,2036,103.54284695931446,Property
Canola,2037,102.57317387524463,Property
Canola,2038,106.4755203163383,Property
Canola,2039,111.52418579022691,Property
Canola,2040,113.41257571937453,Property
Canola,2041,118.36154213325042,Property
Canola,2042,119.17483242266584,Property
Canola,2043,123.03924075168555,Property
Canola,2044,121.55346943212564,Property
Canola,2045,125.90821570169744,Property
Canola,2046,129.7658691725157,Property
Canola,2047,128.5549775356831,Property
Canola,2048,129.52949546727478,Property
Canola,2049,132.31823637483245,Property
Canola,2050,137.75655835486145,Property
Canola,2051,140.76783271407237,Property
Canola,2052,137.15388637333794,Property
Canola,2053,137.95564487022864,Property
Canola,2054,139.64217732312534,Property
Canola,2055,144.39471578934183,Property
Canola,2056,144.68929459621702,Property
Canola,2057,148.14620938325018,Property
Canola,2058,149.18578792178621,Property
Canola,2059,151.77757347389905,Property
Canola,2060,151.6486478052244,Property
Canola,2061,151.23142740601935,Property
Canola,2062,151.81993478272813,Property
Canola,2063,153.3998731103485,Property
Canola,2064,152.86929727167364,Property
Canola,2065,154.27105492471156,Property
Canola,2066,156.88034613742283,Property
Canola,2067,159.5686990458314,Property
Canola,2068,162.35796594316014,Property
Canola,2069,166.45906704920202,Property
Canola,2070,171.9724545094353,Property
Canola,2071,174.673840403839,Property
Canola,2072,175.1861821804032,Property
Canola,2073,177.08635001995998,Property
Canola,2074,178.95193132315663,Property
Canola,2075,179.65631771381618,Property
Canola,2076,186.85774406482636,Property
Canola,2077,191.7212884430306,Property
Canola,2078,194.65888724490443,Property
Canola,2079,196.5741384958923,Property
Canola,2080,199.00716920165098,Property
Canola,2081,196.59564477082782,Property
Canola,2082,199.13155924408144,Property
Canola,2083,200.5401162182314,Property
Canola,2084,203.380197606305,Property
Canola,2085,208.97441680696403,Property
Canola,2086,210.58642834142242,Property
Canola,2087,215.6736476476491,Property
Canola,2088,218.0106085973381,Property
Canola,2089,219.38190214138933,Property
Canola,2090,223.21969996549674,Property
Canola,2091,226.4368332115628,Property
Canola,2092,226.62480903221106,Property
Canola,2093,228.44656930353412,Property
Canola,2094,231.00154209652618,Property
Canola,2095,231.83068357510766,Property
Canola,2096,237.25549897496168,Property
Canola,2097,241.5951193210244,Property
Canola,2098,244.26603273636377,Property
Canola,2099,245.8138636047649,Property
Canola,2100,247.0607644814787,Property
Canola,2101,245.72584562820458,Property
Canola,2013,58.052317764795966,Neighbourhood
Canola,2014,57.785340282523194,Neighbourhood
Canola,2015,58.568965184841275,Neighbourhood
Canola,2016,60.219742930828076,Neighbourhood
Canola,2017,61.27553829358088,Neighbourhood
Canola,2018,62.60263473549615,Neighbourhood
Canola,2019,62.52993117651815,Neighbourhood
Canola,2020,63.30886646253469,Neighbourhood
Canola,2021,62.61580513755434,Neighbourhood
Canola,2022,62.86316121454104,Neighbourhood
Canola,2023,63.44070407842657,Neighbourhood
Canola,2024,63.907970951874454,Neighbourhood
Canola,2025,65.58373557740343,Neighbourhood
Canola,2026,66.51764647380321,Neighbourhood
Canola,2027,66.93316383149657,Neighbourhood
Canola,2028,67.25435758046224,Neighbourhood
Canola,2029,67.1606922926879,Neighbourhood
Canola,2030,67.90099076913118,Neighbourhood
Canola,2031,68.53556343859464,Neighbourhood
Canola,2032,71.09597698203518,Neighbourhood
Canola,2033,72.66759322414754,Neighbourhood
Canola,2034,73.79692910567867,Neighbourhood
Canola,2035,74.19510733099011,Neighbourhood
Canola,2036,73.73625131444028,Neighbourhood
Canola,2037,74.93645693614512,Neighbourhood
Canola,2038,75.63366602661822,Neighbourhood
Canola,2039,76.4261390544401,Neighbourhood
Canola,2040,76.32537096941965,Neighbourhood
Canola,2041,76.75688258349531,Neighbourhood
Canola,2042,77.24910460220876,Neighbourhood
Canola,2043,78.67915762673914,Neighbourhood
Canola,2044,79.61308409512415,Neighbourhood
Canola,2045,79.52208663139155,Neighbourhood
Canola,2046,78.93046047321207,Neighbourhood
Canola,2047,78.78161558513102,Neighbourhood
Canola,2048,79.89527264720351,Neighbourhood
Canola,2049,80.81615474423727,Neighbourhood
Canola,2050,80.31181687972213,Neighbourhood
Canola,2051,81.2800550727631,Neighbourhood
Canola,2052,82.44240018503507,Neighbourhood
Canola,2053,82.51357093335207,Neighbourhood
Canola,2054,82.95923122688723,Neighbourhood
Canola,2055,83.75848866987496,Neighbourhood
Canola,2056,83.1103271153346,Neighbourhood
Canola,2057,83.07002988755244,Neighbourhood
Canola,2058,83.75714626452279,Neighbourhood
Canola,2059,83.9940471215939,Neighbourhood
Canola,2060,84.21072034049683,Neighbourhood
Canola,2061,86.00862041531855,Neighbourhood
Canola,2062,86.87180825728356,Neighbourhood
Canola,2063,87.57777721029872,Neighbourhood
Canola,2064,87.89745709211806,Neighbourhood
Canola,2065,87.9104454450681,Neighbourhood
Canola,2066,89.22091332192136,Neighbourhood
Canola,2067,90.03614283470549,Neighbourhood
Canola,2068,91.38093312800729,Neighbourhood
Canola,2069,92.71569519710937,Neighbourhood
Canola,2070,93.36680569456855,Neighbourhood
Canola,2071,94.67249801361379,Neighbourhood
Canola,2072,95.63958373044868,Neighbourhood
Canola,2073,95.84274307329991,Neighbourhood
Canola,2074,97.1394895856788,Neighbourhood
Canola,2075,98.05088343876776,Neighbourhood
Canola,2076,98.03454926789014,Neighbourhood
Canola,2077,97.26391269927225,Neighbourhood
Canola,2078,97.40658378170029,Neighbourhood
Canola,2079,97.53854305602509,Neighbourhood
Canola,2080,99.31659828576421,Neighbourhood
Canola,2081,100.23864714772336,Neighbourhood
Canola,2082,100.76624569773615,Neighbourhood
Canola,2083,101.06970093460126,Neighbourhood
Canola,2084,100.81911794740869,Neighbourhood
Canola,2085,102.24670614237601,Neighbourhood
Canola,2086,102.0463041191791,Neighbourhood
Canola,2087,102.67642876796725,Neighbourhood
Canola,2088,103.51141512468277,Neighbourhood
Canola,2089,106.48702977568999,Neighbourhood
Canola,2090,106.15879111698193,Neighbourhood
Canola,2091,107.79128968008776,Neighbourhood
Canola,2092,108.54123946756083,Neighbourhood
Canola,2093,109.31032568931268,Neighbourhood
Canola,2094,109.38834579950627,Neighbourhood
Canola,2095,110.62499940497543,Neighbourhood
Canola,2096,111.5879367276093,Neighbourhood
Canola,2097,113.07501238729154,Neighbourhood
Canola,2098,114.80646086918802,Neighbourhood
Canola,2099,114.57117603383782,Neighbourhood
Canola,2100,115.3322786987186,Neighbourhood
Canola,2101,115.99515671003073,Neighbourhood
Canola,2013,60.303656620830026,National
Canola,2014,62.039280282775906,National
Canola,2015,63.58964727311177,National
Canola,2016,65.44655719418795,National
Canola,2017,68.32825406511782,National
Canola,2018,68.115922131122,National
Canola,2019,68.88602739818695,National
Canola,2020,70.97446476412809,National
Canola,2021,72.62650147320295,National
Canola,2022,74.02053198387294,National
Canola,2023,75.686646504973,National
Canola,2024,77.68386421228347,National
Canola,2025,77.93634137030952,National
Canola,2026,79.67795636765763,National
Canola,2027,81.72708433924043,National
Canola,2028,81.92408916966784,National
Canola,2029,82.76947370007333,National
Canola,2030,84.06833048919208,National
Canola,2031,85.22871388607217,National
Canola,2032,85.83789731108581,National
Canola,2033,87.41223299572934,National
Canola,2034,89.15759310284352,National
Canola,2035,91.15027158586548,National
Canola,2036,92.97116971872667,National
Canola,2037,93.15907963831171,National
Canola,2038,93.71977346663985,National
Canola,2039,94.66923695758311,National
Canola,2040,96.59612360345821,National
Canola,2041,98.45389290785221,National
Canola,2042,100.0520149439314,National
Canola,2043,101.32962654376082,National
Canola,2044,100.76760673524566,National
Canola,2045,101.9348066908764,National
Canola,2046,102.84148569989384,National
Canola,2047,103.93603191672142,National
Canola,2048,105.63763794445859,National
Canola,2049,108.1116775340572,National
Canola,2050,108.93366345844825,National
Canola,2051,110.1822619327869,National
Canola,2052,112.39337958633658,National
Canola,2053,114.49073393073151,National
Canola,2054,116.29653028020752,National
Canola,2055,116.27818091784948,National
Canola,2056,117.4594696167628,National
Canola,2057,120.46033725923854,National
Canola,2058,120.92130374147297,National
Canola,2059,122.8166253236442,National
Canola,2060,123.97521743313312,National
Canola,2061,126.1519784821227,National
Canola,2062,127.86824083159343,National
Canola,2063,129.56778152517808,National
Canola,2064,129.21834366632947,National
Canola,2065,129.5561551666438,National
Canola,2066,129.68800241981262,National
Canola,2067,130.52467301578264,National
Canola,2068,132.42496365468648,National
Canola,2069,134.79947471216292,National
Canola,2070,137.36628708505015,National
Canola,2071,139.4573447593167,National
Canola,2072,140.19720865438745,National
Canola,2073,142.40238049113526,National
Canola,2074,141.61037638357215,National
Canola,2075,142.91069761514063,National
Canola,2076,143.71881182220991,National
Canola,2077,143.85086140011936,National
Canola,2078,145.2811720804237,National
Canola,2079,146.93966313686013,National
Canola,2080,148.68870257670278,National
Canola,2081,150.08933963146032,National
Canola,2082,153.76512200788704,National
Canola,2083,155.48137688292115,National
Canola,2084,156.88247801551535,National
Canola,2085,157.9490961450275,National
Canola,2086,157.61173595677568,National
Canola,2087,158.58142505881347,National
Canola,2088,159.89475656759578,National
Canola,2089,160.81900758665708,National
Canola,2090,163.22254619474595,National
Canola,2091,164.87077943600812,National
Canola,2092,167.75557353088337,National
Canola,2093,170.62375689201508,National
Canola,2094,172.48486687453118,National
Canola,2095,175.246031089722,National
Canola,2096,176.15705189786127,National
Canola,2097,176.5041170952789,National
Canola,2098,177.5171242413213,National
Canola,2099,179.5654735972555,National
Canola,2100,182.6822950284223,National
Canola,2101,182.57710251235096,National
Peas,2013,67.55618247780322,Property
Peas,2014,67.76452031808053,Property
Peas,2015,68.40521454624452,Property
Peas,2016,72.28949797577971,Property
Peas,2017,76.95065825045002,Property
Peas,2018,77.30043427271058,Property
Peas,2019,75.61582564856334,Property
Peas,2020,75.46622093321011,Property
Peas,2021,78.01884276813522,Property
Peas,2022,78.78075441141107,Property
Peas,2023,79.72718200633817,Property
Peas,2024,83.54025254382553,Property
Peas,2025,84.39234227407547,Property
Peas,2026,87.78108051869931,Property
Peas,2027,85.67485120634989,Property
Peas,2028,84.16912045103419,Property
Peas,2029,86.29050051903943,Property
Peas,2030,87.57323468580589,Property
Peas,2031,88.9786192783902,Property
Peas,2032,89.40363662809186,Property
Peas,2033,90.28737608947733,Property
Peas,2034,89.88079221757243,Property
Peas,2035,91.5760281039019,Property
Peas,2036,92.47565231299545,Property
Peas,2037,95.88961088333414,Property
Peas,2038,96.35243863098252,Property
Peas,2039,97.86571137254349,Property
Peas,2040,100.23971951794125,Property
Peas,2041,99.9854248612545,Property
Peas,2042,101.56423997895075,Property
Peas,2043,103.24605325336728,Property
Peas,2044,101.73264194194266,Property
Peas,2045,102.35156166323726,Property
Peas,2046,105.05737203665836,Property
Peas,2047,107.8974741340351,Property
Peas,2048,112.3300476373406,Property
Peas,2049,114.2352511615905,Property
Peas,2050,115.26800186166358,Property
Peas,2051,116.86291573662442,Property
Peas,2052,121.28758938201173,Property
Peas,2053,122.09958848433047,Property
Peas,2054,122.81657290038379,Property
Peas,2055,120.97552635633369,Property
Peas,2056,124.13439443367977,Property
Peas,2057,125.4336906884308,Property
Peas,2058,127.81614216657361,Property
Peas,2059,128.60001271503597,Property
Peas,2060,129.4896163792999,Property
Peas,2061,130.40109428249065,Property
Peas,2062,134.12114138746355,Property
Peas,2063,136.67080031755341,Property
Peas,2064,137.94171149878952,Property
Peas,2065,138.87138011574802,Property
Peas,2066,137.5692699563072,Property
Peas,2067,139.83572153845714,Property
Peas,2068,143.52768388943352,Property
Peas,2069,147.5440722786181,Property
Peas,2070,148.58640575838876,Property
Peas,2071,151.57525258331168,Property
Peas,2072,152.0308508422908,Property
Peas,2073,153.83324476450753,Property
Peas,2074,154.44759178535708,Property
Peas,2075,156.48354983716501,Property
Peas,2076,161.82334170099364,Property
Peas,2077,158.72660701455726,Property
Peas,2078,159.05729135739873,Property
Peas,2079,161.18631544503697,Property
Peas,2080,161.37888070321048,Property
Peas,2081,165.24450563824075,Property
Peas,2082,168.11082897267465,Property
Peas,2083,170.98016624870039,Property
Peas,2084,173.1496691969153,Property
Peas,2085,175.3565037985376,Property
Peas,2086,177.23724563402448,Property
Peas,2087,179.09076338955532,Property
Peas,2088,181.02558804688022,Property
Peas,2089,180.92485390744878,Property
Peas,2090,185.7530523149028,Property
Peas,2091,188.37000913242588,Property
Peas,2092,190.57296770337285,Property
Peas,2093,193.063695800121,Property
Peas,2094,197.00274040846452,Property
Peas,2095,198.76621985075352,Property
Peas,2096,199.11395561254133,Property
Peas,2097,201.34697673822453,Property
Peas,2098,196.88681514352902,Property
Peas,2099,196.36843059739303,Property
Peas,2100,198.8783328877028,Property
Peas,2101,201.8253718608176,Property
Peas,2013,47.594659125781874,Neighbourhood
Peas,2014,49.313822993634766,Neighbourhood
Peas,2015,49.03291211371718,Neighbourhood
Peas,2016,53.28801114428968,Neighbourhood
Peas,2017,55.550236440682355,Neighbourhood
Peas,2018,59.77183445635956,Neighbourhood
Peas,2019,61.85636195674889,Neighbourhood
Peas,2020,64.49723048417823,Neighbourhood
Peas,2021,67.52996820207832,Neighbourhood
Peas,2022,68.18723862550226,Neighbourhood
Peas,2023,71.46721326275268,Neighbourhood
Peas,2024,73.56865612865698,Neighbourhood
Peas,2025,76.55339792514556,Neighbourhood
Peas,2026,78.1528834984905,Neighbourhood
Peas,2027,81.08007146024394,Neighbourhood
Peas,2028,85.41268444484751,Neighbourhood
Peas,2029,86.70708955154244,Neighbourhood
Peas,2030,88.63811001365076,Neighbourhood
Peas,2031,91.73298516561401,Neighbourhood
Peas,2032,93.451419634862,Neighbourhood
Peas,2033,96.47818385905245,Neighbourhood
Peas,2034,99.0774016212584,Neighbourhood
Peas,2035,101.80090782827043,Neighbourhood
Peas,2036,103.0302770914967,Neighbourhood
Peas,2037,104.11792059300771,Neighbourhood
Peas,2038,105.93630913084846,Neighbourhood
Peas,2039,105.82906435713389,Neighbourhood
Peas,2040,108.06993462249886,Neighbourhood
Peas,2041,108.3634457094372,Neighbourhood
Peas,2042,109.95883527956758,Neighbourhood
Peas,2043,113.52839710704173,Neighbourhood
Peas,2044,114.64666352141174,Neighbourhood
Peas,2045,118.41328949725211,Neighbourhood
Peas,2046,120.60187269785906,Neighbourhood
Peas,2047,123.97848230298034,Neighbourhood
Peas,2048,128.3747457773543,Neighbourhood
Peas,2049,131.04907333658426,Neighbourhood
Peas,2050,132.40662063471427,Neighbourhood
Peas,2051,135.02159811150818,Neighbourhood
Peas,2052,137.23126294327813,Neighbourhood
Peas,2053,140.15097967263893,Neighbourhood
Peas,2054,142.0266661357039,Neighbourhood
Peas,2055,146.69867405362442,Neighbourhood
Peas,2056,149.57669740000267,Neighbourhood
Peas,2057,150.97606508868284,Neighbourhood
Peas,2058,153.7427755401776,Neighbourhood
Peas,2059,156.96923601981814,Neighbourhood
Peas,2060,157.70655750006526,Neighbourhood
Peas,2061,160.59505635921522,Neighbourhood
Peas,2062,163.02251152311794,Neighbourhood
Peas,2063,165.55003856192775,Neighbourhood
Peas,2064,169.4583896843095,Neighbourhood
Peas,2065,173.14868271779358,Neighbourhood
Peas,2066,175.95810578149624,Neighbourhood
Peas,2067,175.63947462571633,Neighbourhood
Peas,2068,177.05689237877178,Neighbourhood
Peas,2069,178.62244236352967,Neighbourhood
Peas,2070,179.09938008263416,Neighbourhood
Peas,2071,182.57072860194154,Neighbourhood
Peas,2072,183.7196095212693,Neighbourhood
Peas,2073,185.72133232451878,Neighbourhood
Peas,2074,186.89511691621723,Neighbourhood
Peas,2075,189.8471631625967,Neighbourhood
Peas,2076,191.13117620453218,Neighbourhood
Peas,2077,192.2472006361419,Neighbourhood
Peas,2078,194.4400623416514,Neighbourhood
Peas,2079,195.89912331140064,Neighbourhood
Peas,2080,198.61378674711125,Neighbourhood
Peas,2081,199.59500955493735,Neighbourhood
Peas,2082,201.66087993438362,Neighbourhood
Peas,2083,202.98436180397334,Neighbourhood
Peas,2084,203.8445044908497,Neighbourhood
Peas,2085,205.64464033160172,Neighbourhood
Peas,2086,207.36886937042382,Neighbourhood
Peas,2087,210.4826870698491,Neighbourhood
Peas,2088,210.58372443993355,Neighbourhood
Peas,2089,212.08594773420393,Neighbourhood
Peas,2090,213.85260932873484,Neighbourhood
Peas,2091,216.86974085163172,Neighbourhood
Peas,2092,219.16586657702413,Neighbourhood
Peas,2093,220.9169852040488,Neighbourhood
Peas,2094,221.7510537700994,Neighbourhood
Peas,2095,222.31353761022197,Neighbourhood
Peas,2096,224.45307618852442,Neighbourhood
Peas,2097,226.22650765507603,Neighbourhood
Peas,2098,227.98954100071398,Neighbourhood
Peas,2099,232.44489211289678,Neighbourhood
Peas,2100,235.42660010120798,Neighbourhood
Peas,2101,239.54545436852356,Neighbourhood
Peas,2013,56.4149832710939,National
Peas,2014,58.12075804995036,National
Peas,2015,58.42701783454827,National
Peas,2016,59.9451711152665,National
Peas,2017,61.74653389086357,National
Peas,2018,64.23119646720133,National
Peas,2019,67.24239654522268,National
Peas,2020,67.787007084498,National
Peas,2021,69.72452188963462,National
Peas,2022,70.74837372405071,National
Peas,2023,71.11964064519877,National
Peas,2024,72.3551854850597,National
Peas,2025,73.83317017393065,National
Peas,2026,74.08641953595567,National
Peas,2027,75.1175235282496,National
Peas,2028,76.81132378847335,National
Peas,2029,79.09089768066076,National
Peas,2030,80.01449429242685,National
Peas,2031,80.92804587875492,National
Peas,2032,82.08809020750589,National
Peas,2033,83.84852712335177,National
Peas,2034,84.9461191725672,National
Peas,2035,87.68959281198579,National
Peas,2036,89.80189016505919,National
Peas,2037,92.30518093563896,National
Peas,2038,93.63735339834042,National
Peas,2039,93.46622890172767,National
Peas,2040,95.34687595699398,National
Peas,2041,97.53028193676059,National
Peas,2042,99.7827749723784,National
Peas,2043,101.3067676465064,National
Peas,2044,102.30749353411068,National
Peas,2045,105.20862290123262,National
Peas,2046,106.05637512553483,National
Peas,2047,108.67412470557139,National
Peas,2048,109.18013644217808,National
Peas,2049,110.88518203112497,National
Peas,2050,112.87603111087293,National
Peas,2051,113.47877098696077,National
Peas,2052,114.3070158534003,National
Peas,2053,116.83037374147133,National
Peas,2054,118.84520534690978,National
Peas,2055,118.67236526965789,National
Peas,2056,118.16154510014134,National
Peas,2057,121.08626487240839,National
Peas,2058,123.18381957480027,National
Peas,2059,125.3824232864744,National
Peas,2060,127.61154928548258,National
Peas,2061,130.25596669356202,National
Peas,2062,132.17407390143347,National
Peas,2063,132.75547967711967,National
Peas,2064,133.41851330489231,National
Peas,2065,135.73999204038444,National
Peas,2066,137.98903105779806,National
Peas,2067,138.19900464489567,National
Peas,2068,139.20562489419558,National
Peas,2069,141.72383350367386,National
Peas,2070,144.00349749296456,National
Peas,2071,147.48501153137892,National
Peas,2072,149.0942390593089,National
Peas,2073,150.75167159444013,National
Peas,2074,152.894033558636,National
Peas,2075,152.60927417467377,National
Peas,2076,152.21513731988608,National
Peas,2077,154.2933136685271,National
Peas,2078,155.96476809641246,National
Peas,2079,158.41728007838972,National
Peas,2080,160.5223138603924,National
Peas,2081,162.1108214429305,National
Peas,2082,163.66892426407657,National
Peas,2083,164.73313360576503,National
Peas,2084,166.4559570604846,National
Peas,2085,167.69903557646927,National
Peas,2086,170.07012765608525,National
Peas,2087,171.8632754274715,National
Peas,2088,172.83734771447666,National
Peas,2089,173.97232282674815,National
Peas,2090,174.433814007549,National
Peas,2091,175.84097359294617,National
Peas,2092,177.19487601838833,National
Peas,2093,176.50698588670934,National
Peas,2094,178.59095271965617,National
Peas,2095,180.0799963434242,National
Peas,2096,182.90123339345428,National
Peas,2097,186.51804935091255,National
Peas,2098,187.7499251308784,National
Peas,2099,190.06959513894898,National
Peas,2100,192.3509140672491,National
Peas,2101,192.841201892253,National
Soy,2013,50.57785859778,Property
Soy,2014,52.51532723966676,Property
Soy,2015,55.53837488364612,Property
Soy,2016,58.40907152450447,Property
Soy,2017,60.43581701813584,Property
Soy,2018,61.505055909384545,Property
Soy,2019,64.43598925370793,Property
Soy,2020,64.9580118602,Property
Soy,2021,68.2475954100403,Property
Soy,2022,77.10948001015427,Property
Soy,2023,79.67603457815153,Property
Soy,2024,83.32098049211714,Property
Soy,2025,87.62080232895215,Property
Soy,2026,86.36538750116141,Property
Soy,2027,81.927520102095,Property
Soy,2028,85.28338029316733,Property
Soy,2029,86.86824781309997,Property
Soy,2030,86.81278508712954,Property
Soy,2031,91.30984177889883,Property
Soy,2032,93.74398188783474,Property
Soy,2033,99.962248499152,Property
Soy,2034,103.26975569321363,Property
Soy,2035,108.45269048335982,Property
Soy,2036,111.40330778031125,Property
Soy,2037,112.20137359874585,Property
Soy,2038,113.2506853310241,Property
Soy,2039,114.80308507519206,Property
Soy,2040,113.02138481571502,Property
Soy,2041,118.44442940103315,Property
Soy,2042,121.66234606740238,Property
Soy,2043,118.38859143081794,Property
Soy,2044,119.71083642209882,Property
Soy,2045,122.19370499582169,Property
Soy,2046,116.99383039948887,Property
Soy,2047,118.24565820048088,Property
Soy,2048,122.88084652150586,Property
Soy,2049,125.52600486145339,Property
Soy,2050,128.12559303573153,Property
Soy,2051,130.1776998846146,Property
Soy,2052,135.50514404945403,Property
Soy,2053,140.01281945271847,Property
Soy,2054,144.07546944970028,Property
Soy,2055,148.34397596004868,Property
Soy,2056,150.35714225174465,Property
Soy,2057,151.78046283715884,Property
Soy,2058,149.76977787564152,Property
Soy,2059,149.21142888355683,Property
Soy,2060,151.99884434285872,Property
Soy,2061,154.39300703400207,Property
Soy,2062,157.96434214342077,Property
Soy,2063,162.33793056951686,Property
Soy,2064,163.43506270857745,Property
Soy,2065,168.48159761171192,Property
Soy,2066,171.72541153688422,Property
Soy,2067,175.28274590465583,Property
Soy,2068,176.27527893466302,Property
Soy,2069,178.0303578762793,Property
Soy,2070,181.0625680104845,Property
Soy,2071,184.50856451222208,Property
Soy,2072,185.7183423363076,Property
Soy,2073,186.1322443651897,Property
Soy,2074,186.40772609154448,Property
Soy,2075,186.45020254099072,Property
Soy,2076,184.7562475228657,Property
Soy,2077,185.34890875411497,Property
Soy,2078,183.7718461557379,Property
Soy,2079,183.03245720512678,Property
Soy,2080,187.82284848049997,Property
Soy,2081,189.55345379732822,Property
Soy,2082,188.95252832497235,Property
Soy,2083,197.9831477088912,Property
Soy,2084,198.58957430993073,Property
Soy,2085,199.38254880336973,Property
Soy,2086,204.61236874295378,Property
Soy,2087,207.9876761988523,Property
Soy,2088,212.09646494714082,Property
Soy,2089,215.3948065748759,Property
Soy,2090,218.81325734662687,Property
Soy,2091,221.59499056184686,Property
Soy,2092,222.437460409287,Property
Soy,2093,225.83565683121338,Property
Soy,2094,231.9253223360125,Property
Soy,2095,233.83106532297876,Property
Soy,2096,237.10322146488272,Property
Soy,2097,238.35395754884328,Property
Soy,2098,240.85443041162617,Property
Soy,2099,244.34516052865624,Property
Soy,2100,246.505147971133,Property
Soy,2101,245.87842102337046,Property
Soy,2013,56.28454682420753,Neighbourhood
Soy,2014,58.55882070122943,Neighbourhood
Soy,2015,60.61002220582757,Neighbourhood
Soy,2016,58.81490949263204,Neighbourhood
Soy,2017,61.75295066676838,Neighbourhood
Soy,2018,62.851551973814125,Neighbourhood
Soy,2019,64.44087345933656,Neighbourhood
Soy,2020,68.4137706329067,Neighbourhood
Soy,2021,71.05554046522822,Neighbourhood
Soy,2022,69.25711154873531,Neighbourhood
Soy,2023,71.69969161790978,Neighbourhood
Soy,2024,70.45258367067511,Neighbourhood
Soy,2025,70.07558437325238,Neighbourhood
Soy,2026,71.58319072347729,Neighbourhood
Soy,2027,71.6908217619603,Neighbourhood
Soy,2028,72.92352751815059,Neighbourhood
Soy,2029,73.18203784355502,Neighbourhood
Soy,2030,72.57943771401082,Neighbourhood
Soy,2031,74.94200890027128,Neighbourhood
Soy,2032,77.20145272215868,Neighbourhood
Soy,2033,77.89099863272116,Neighbourhood
Soy,2034,78.03855007756601,Neighbourhood
Soy,2035,80.00922414099816,Neighbourhood
Soy,2036,78.10583789076213,Neighbourhood
Soy,2037,77.17953271456884,Neighbourhood
Soy,2038,77.01163165143706,Neighbourhood
Soy,2039,78.83690928903881,Neighbourhood
Soy,2040,80.08661995275087,Neighbourhood
Soy,2041,83.175359369357,Neighbourhood
Soy,2042,84.17277972796667,Neighbourhood
Soy,2043,86.27705958467874,Neighbourhood
Soy,2044,89.1993254684611,Neighbourhood
Soy,2045,88.06115710300723,Neighbourhood
Soy,2046,90.57503928588464,Neighbourhood
Soy,2047,90.86690217614182,Neighbourhood
Soy,2048,90.82345372525802,Neighbourhood
Soy,2049,92.22788378245335,Neighbourhood
Soy,2050,94.6361905020836,Neighbourhood
Soy,2051,95.29907914584635,Neighbourhood
Soy,2052,98.20608319082433,Neighbourhood
Soy,2053,100.17446015693675,Neighbourhood
Soy,2054,100.69503056704879,Neighbourhood
Soy,2055,101.4437730078878,Neighbourhood
Soy,2056,101.31344424718854,Neighbourhood
Soy,2057,100.09854022292907,Neighbourhood
Soy,2058,101.40057866752585,Neighbourhood
Soy,2059,100.24071467849427,Neighbourhood
Soy,2060,100.27106935762916,Neighbourhood
Soy,2061,99.75516915798548,Neighbourhood
Soy,2062,99.81350305007179,Neighbourhood
Soy,2063,101.16665509514198,Neighbourhood
Soy,2064,102.6945587835057,Neighbourhood
Soy,2065,101.72280468030422,Neighbourhood
Soy,2066,100.28621377458052,Neighbourhood
Soy,2067,98.94544039182577,Neighbourhood
Soy,2068,103.23701721104644,Neighbourhood
Soy,2069,106.1445646269824,Neighbourhood
Soy,2070,106.83713359680775,Neighbourhood
Soy,2071,110.38852976771001,Neighbourhood
Soy,2072,110.2982235195453,Neighbourhood
Soy,2073,111.6885757120931,Neighbourhood
Soy,2074,112.166231376176,Neighbourhood
Soy,2075,111.65372709825927,Neighbourhood
Soy,2076,111.11906195613354,Neighbourhood
Soy,2077,113.40450342279308,Neighbourhood
Soy,2078,117.10625517910321,Neighbourhood
Soy,2079,120.53421565961253,Neighbourhood
Soy,2080,122.78026010745134,Neighbourhood
Soy,2081,123.71554996991811,Neighbourhood
Soy,2082,125.96362100212652,Neighbourhood
Soy,2083,124.51054230236655,Neighbourhood
Soy,2084,124.81086788688185,Neighbourhood
Soy,2085,125.62378892956575,Neighbourhood
Soy,2086,127.61857192760598,Neighbourhood
Soy,2087,130.01578313375444,Neighbourhood
Soy,2088,128.92098352009572,Neighbourhood
Soy,2089,131.43462232533741,Neighbourhood
Soy,2090,133.30988857980608,Neighbourhood
Soy,2091,135.63927856660078,Neighbourhood
Soy,2092,136.79500105219282,Neighbourhood
Soy,2093,138.03723343180553,Neighbourhood
Soy,2094,137.83535198527164,Neighbourhood
Soy,2095,140.7108635638418,Neighbourhood
Soy,2096,138.86269846448738,Neighbourhood
Soy,2097,139.58529041922844,Neighbourhood
Soy,2098,142.73008300393383,Neighbourhood
Soy,2099,143.4458896863356,Neighbourhood
Soy,2100,144.20039452132613,Neighbourhood
Soy,2101,144.87014415636503,Neighbourhood
Soy,2013,73.78417765879361,National
Soy,2014,74.56736783571718,National
Soy,2015,80.31222005,National
Soy,2016,80.43277780778207,National
Soy,2017,80.93808308908476,National
Soy,2018,85.0993706395839,National
Soy,2019,88.51681194757427,National
Soy,2020,93.83099878861167,National
Soy,2021,99.43547382933242,National
Soy,2022,106.47212570342532,National
Soy,2023,104.81682709701354,National
Soy,2024,113.83479789594479,National
Soy,2025,119.42569656774924,National
Soy,2026,119.87994745937914,National
Soy,2027,125.24777641931641,National
Soy,2028,129.35743093613047,National
Soy,2029,131.19255843166496,National
Soy,2030,138.44682890559014,National
Soy,2031,140.4942770967594,National
Soy,2032,140.57540059384613,National
Soy,2033,143.27742431746023,National
Soy,2034,150.30380716272728,National
Soy,2035,152.58135515671057,National
Soy,2036,154.15669811346913,National
Soy,2037,154.5587458317389,National
Soy,2038,158.02186508014114,National
Soy,2039,162.21684322394995,National
Soy,2040,163.89450704099573,National
Soy,2041,168.13143000353685,National
Soy,2042,165.03385887486112,National
Soy,2043,161.42076547309338,National
Soy,2044,163.30818229886773,National
Soy,2045,165.95487117552307,National
Soy,2046,169.5961772075793,National
Soy,2047,171.16199825845015,National
Soy,2048,174.6326011070131,National
Soy,2049,178.76505827255457,National
Soy,2050,183.5045597002256,National
Soy,2051,190.3477492979527,National
Soy,2052,188.71813487684898,National
Soy,2053,189.3747590944237,National
Soy,2054,190.9129299132025,National
Soy,2055,193.14797455965174,National
Soy,2056,198.7329764638596,National
Soy,2057,203.19878585220158,National
Soy,2058,202.73061059764333,National
Soy,2059,205.06964585705026,National
Soy,2060,209.95532874870747,National
Soy,2061,212.62799292400035,National
Soy,2062,217.04294536819125,National
Soy,2063,217.8265564089094,National
Soy,2064,215.71802169390833,National
Soy,2065,216.44589689222704,National
Soy,2066,219.51640781315487,National
Soy,2067,221.25156271835993,National
Soy,2068,224.3372457845054,National
Soy,2069,228.5971186900213,National
Soy,2070,228.51968564838384,National
Soy,2071,231.9525692935594,National
Soy,2072,229.60017104179167,National
Soy,2073,232.14644276846164,National
Soy,2074,233.92141712927435,National
Soy,2075,239.57464609369893,National
Soy,2076,241.26489908940928,National
Soy,2077,246.8501044871301,National
Soy,2078,255.65886736690445,National
Soy,2079,262.5908485331138,National
Soy,2080,266.5155290370577,National
Soy,2081,268.57558246732054,National
Soy,2082,265.67703795739385,National
Soy,2083,270.29218560475226,National
Soy,2084,271.5596625784302,National
Soy,2085,275.9394696143165,National
Soy,2086,279.7924562187652,National
Soy,2087,283.2622222544349,National
Soy,2088,285.3506492331735,National
Soy,2089,288.9373946605847,National
Soy,2090,291.2496546887801,National
Soy,2091,292.91084615621924,National
Soy,2092,293.1044965666715,National
Soy,2093,298.13773414166167,National
Soy,2094,304.58478348058725,National
Soy,2095,305.7845529757341,National
Soy,2096,310.83268682306016,National
Soy,2097,314.007105553898,National
Soy,2098,314.0026601388521,National
Soy,2099,318.7698277365994,National
Soy,2100,317.39225493431775,National
Soy,2101,321.75700706998003,National
